Pro-Biden,Anti-Biden,Pro-Trump,Anti-Trump,Neither,dem_favorable_likes,rep_favorable_likes,total_likes,support_difference,date
110550.0,236322.0,39304.0,1269082.0,2346502.0,1379632.0,275626.0,4001760.0,0.2758801127503898,2020-06-01 00:00:00+00:00
113764.0,400566.0,55660.0,1490261.0,2758777.0,1604025.0,456226.0,4819028.0,0.23818060405542363,2020-06-02 00:00:00+00:00
132434.0,432879.0,60041.0,1617826.0,3108947.0,1750260.0,492920.0,5352127.0,0.23492342390231025,2020-06-03 00:00:00+00:00
162044.0,478196.0,73427.0,1799063.0,3498725.0,1961107.0,551623.0,6011455.0,0.2344663646321897,2020-06-04 00:00:00+00:00
180626.0,700675.0,392225.0,1666581.0,3570833.0,1847207.0,1092900.0,6510940.0,0.1158522425333362,2020-06-05 00:00:00+00:00
138580.0,735972.0,391568.0,1440324.0,3458882.0,1578904.0,1127540.0,6165326.0,0.07321007842894277,2020-06-06 00:00:00+00:00
136856.0,756897.0,393075.0,1281635.0,3128058.0,1418491.0,1149972.0,5696521.0,0.04713736682441792,2020-06-07 00:00:00+00:00
117924.0,705879.0,393600.0,1163447.0,3382466.0,1281371.0,1099479.0,5763316.0,0.031560303131044694,2020-06-08 00:00:00+00:00
115422.0,748944.0,417990.0,1103645.0,3360680.0,1219067.0,1166934.0,5746681.0,0.00907184512242806,2020-06-09 00:00:00+00:00
111859.0,763882.0,424580.0,1116829.0,3294617.0,1228688.0,1188462.0,5711767.0,0.0070426542259164285,2020-06-10 00:00:00+00:00
83575.0,778352.0,521813.0,1028609.0,3179348.0,1112184.0,1300165.0,5591697.0,-0.03361788022491204,2020-06-11 00:00:00+00:00
87445.0,590843.0,214078.0,989718.0,3046462.0,1077163.0,804921.0,4928546.0,0.05523779224136287,2020-06-12 00:00:00+00:00
80765.0,559426.0,215133.0,915560.0,3029672.0,996325.0,774559.0,4800556.0,0.04619589897503539,2020-06-13 00:00:00+00:00
87812.0,533451.0,211664.0,979586.0,2986009.0,1067398.0,745115.0,4798522.0,0.06716297226521,2020-06-14 00:00:00+00:00
100257.0,537450.0,226324.0,1074071.0,2750602.0,1174328.0,763774.0,4688704.0,0.0875623626486125,2020-06-15 00:00:00+00:00
114412.0,397855.0,194312.0,1081641.0,2973624.0,1196053.0,592167.0,4761844.0,0.12681767819357376,2020-06-16 00:00:00+00:00
107574.0,400902.0,206159.0,1055972.0,2990497.0,1163546.0,607061.0,4761104.0,0.11688150479384614,2020-06-17 00:00:00+00:00
106387.0,432697.0,159805.0,1150385.0,3108044.0,1256772.0,592502.0,4957318.0,0.1339978593263535,2020-06-18 00:00:00+00:00
81974.0,440268.0,150655.0,1315893.0,2889124.0,1397867.0,590923.0,4877914.0,0.1654280907781482,2020-06-19 00:00:00+00:00
80495.0,441835.0,163848.0,1381471.0,3090798.0,1461966.0,605683.0,5158447.0,0.16599627756183208,2020-06-20 00:00:00+00:00
141784.0,477775.0,160838.0,1340164.0,3526685.0,1481948.0,638613.0,5647246.0,0.1493356230629939,2020-06-21 00:00:00+00:00
130210.0,496775.0,144503.0,1277000.0,3632854.0,1407210.0,641278.0,5681342.0,0.1348153306032272,2020-06-22 00:00:00+00:00
129505.0,596077.0,148755.0,1283594.0,3534645.0,1413099.0,744832.0,5692576.0,0.11739272343487377,2020-06-23 00:00:00+00:00
127601.0,664693.0,140610.0,1305090.0,3826883.0,1432691.0,805303.0,6064877.0,0.10344612100129978,2020-06-24 00:00:00+00:00
154270.0,726180.0,82985.0,1271555.0,3859788.0,1425825.0,809165.0,6094778.0,0.10117841863969451,2020-06-25 00:00:00+00:00
156525.0,696248.0,69986.0,1269807.0,4018940.0,1426332.0,766234.0,6211506.0,0.10627020242755944,2020-06-26 00:00:00+00:00
172239.0,764389.0,55162.0,1339448.0,3877983.0,1511687.0,819551.0,6209221.0,0.11146905545800351,2020-06-27 00:00:00+00:00
139329.0,921103.0,70146.0,1403938.0,3615356.0,1543267.0,991249.0,6149872.0,0.08976089258443103,2020-06-28 00:00:00+00:00
171467.0,937276.0,121625.0,1378374.0,3514999.0,1549841.0,1058901.0,6123741.0,0.0801699484024553,2020-06-29 00:00:00+00:00
161714.0,829837.0,118717.0,1340237.0,3371987.0,1501951.0,948554.0,5822492.0,0.09504469907386734,2020-06-30 00:00:00+00:00
165779.0,739747.0,119772.0,1351708.0,3327815.0,1517487.0,859519.0,5704821.0,0.11533543296099913,2020-07-01 00:00:00+00:00
146712.0,626679.0,128606.0,1297584.0,3231631.0,1444296.0,755285.0,5431212.0,0.12686137090579414,2020-07-02 00:00:00+00:00
145753.0,733829.0,150458.0,1171330.0,3100742.0,1317083.0,884287.0,5302112.0,0.08162709501421321,2020-07-03 00:00:00+00:00
136200.0,695460.0,146689.0,1132178.0,3121321.0,1268378.0,842149.0,5231848.0,0.0814681542735951,2020-07-04 00:00:00+00:00
118969.0,578384.0,138808.0,1210935.0,3628675.0,1329904.0,717192.0,5675771.0,0.10795220596461697,2020-07-05 00:00:00+00:00
120329.0,595020.0,89443.0,1272186.0,4312265.0,1392515.0,684463.0,6389243.0,0.11081938814973856,2020-07-06 00:00:00+00:00
142734.0,962739.0,210758.0,1327133.0,4439141.0,1469867.0,1173497.0,7082505.0,0.04184536403433531,2020-07-07 00:00:00+00:00
135189.0,982239.0,201101.0,1396563.0,4414677.0,1531752.0,1183340.0,7129769.0,0.048867221364394836,2020-07-08 00:00:00+00:00
137419.0,990088.0,191258.0,1429951.0,4393321.0,1567370.0,1181346.0,7142037.0,0.05404956597116481,2020-07-09 00:00:00+00:00
150629.0,921238.0,179366.0,1434917.0,4465590.0,1585546.0,1100604.0,7151740.0,0.06780755452519246,2020-07-10 00:00:00+00:00
173549.0,896828.0,181007.0,1391008.0,4296179.0,1564557.0,1077835.0,6938571.0,0.07014729690018305,2020-07-11 00:00:00+00:00
165910.0,1246063.0,185150.0,1339249.0,3712890.0,1505159.0,1431213.0,6649262.0,0.011120933420881897,2020-07-12 00:00:00+00:00
132596.0,1233707.0,201578.0,1246172.0,3015684.0,1378768.0,1435285.0,5829737.0,-0.009694605434173102,2020-07-13 00:00:00+00:00
129996.0,929377.0,97711.0,1277914.0,2918007.0,1407910.0,1027088.0,5353005.0,0.07114172320033327,2020-07-14 00:00:00+00:00
130250.0,916059.0,103906.0,1153947.0,2666432.0,1284197.0,1019965.0,4970594.0,0.05315903893981283,2020-07-15 00:00:00+00:00
138018.0,1061874.0,121795.0,1171777.0,2671667.0,1309795.0,1183669.0,5165131.0,0.02441874175117727,2020-07-16 00:00:00+00:00
132656.0,1074614.0,125414.0,1203594.0,2712365.0,1336250.0,1200028.0,5248643.0,0.025953756047039207,2020-07-17 00:00:00+00:00
135431.0,1139932.0,138786.0,1263331.0,2844309.0,1398762.0,1278718.0,5521789.0,0.021740055623277167,2020-07-18 00:00:00+00:00
151775.0,809856.0,143422.0,1206563.0,2897641.0,1358338.0,953278.0,5209257.0,0.07775773013310727,2020-07-19 00:00:00+00:00
136717.0,820237.0,125965.0,1232517.0,3069922.0,1369234.0,946202.0,5385358.0,0.07855225223652726,2020-07-20 00:00:00+00:00
134661.0,755435.0,125110.0,1216333.0,3250034.0,1350994.0,880545.0,5481573.0,0.08582372249717371,2020-07-21 00:00:00+00:00
139338.0,812645.0,121724.0,1215346.0,3223134.0,1354684.0,934369.0,5512187.0,0.07625194863672077,2020-07-22 00:00:00+00:00
135108.0,712757.0,125187.0,1161136.0,3265229.0,1296244.0,837944.0,5399417.0,0.08487953421637928,2020-07-23 00:00:00+00:00
253230.0,729171.0,126567.0,1141655.0,3655989.0,1394885.0,855738.0,5906612.0,0.09127855359383687,2020-07-24 00:00:00+00:00
270118.0,717067.0,121201.0,1213388.0,3992231.0,1483506.0,838268.0,6314005.0,0.10219155670608433,2020-07-25 00:00:00+00:00
246393.0,870757.0,130491.0,1219803.0,4046126.0,1466196.0,1001248.0,6513570.0,0.07138143905722975,2020-07-26 00:00:00+00:00
269509.0,804645.0,221946.0,1328156.0,4190194.0,1597665.0,1026591.0,6814450.0,0.08380338838791099,2020-07-27 00:00:00+00:00
276733.0,1076964.0,261408.0,1307917.0,4199803.0,1584650.0,1338372.0,7122825.0,0.034575888078115076,2020-07-28 00:00:00+00:00
279030.0,1014527.0,294134.0,1310292.0,4449798.0,1589322.0,1308661.0,7347781.0,0.038196701834200014,2020-07-29 00:00:00+00:00
294330.0,1014957.0,285314.0,1418662.0,4349096.0,1712992.0,1300271.0,7362359.0,0.05605825524128883,2020-07-30 00:00:00+00:00
183825.0,969021.0,284648.0,1427174.0,4011449.0,1610999.0,1253669.0,6876117.0,0.0519668295347505,2020-07-31 00:00:00+00:00
137667.0,912366.0,320818.0,1333638.0,3635401.0,1471305.0,1233184.0,6339890.0,0.03755916900766417,2020-08-01 00:00:00+00:00
151482.0,759934.0,326151.0,1367607.0,3720966.0,1519089.0,1086085.0,6326140.0,0.0684467937794611,2020-08-02 00:00:00+00:00
145702.0,912864.0,262716.0,1291946.0,3512761.0,1437648.0,1175580.0,6125989.0,0.042779704632182655,2020-08-03 00:00:00+00:00
139767.0,930176.0,206289.0,1294496.0,3560603.0,1434263.0,1136465.0,6131331.0,0.048569878220569074,2020-08-04 00:00:00+00:00
140750.0,976413.0,224321.0,1320789.0,3520887.0,1461539.0,1200734.0,6183160.0,0.0421798886006508,2020-08-05 00:00:00+00:00
114077.0,951662.0,211497.0,1225607.0,3614023.0,1339684.0,1163159.0,6116866.0,0.028858732560105127,2020-08-06 00:00:00+00:00
112140.0,993926.0,208464.0,1236550.0,3584559.0,1348690.0,1202390.0,6135639.0,0.023844297228047477,2020-08-07 00:00:00+00:00
725420.0,1132682.0,164461.0,1270015.0,5573114.0,1995435.0,1297143.0,8865692.0,0.07876339489348377,2020-08-08 00:00:00+00:00
1061855.0,1579468.0,148830.0,1294619.0,6587806.0,2356474.0,1728298.0,10672578.0,0.058858881143806115,2020-08-09 00:00:00+00:00
1195399.0,1603838.0,135048.0,1473860.0,7612388.0,2669259.0,1738886.0,12020533.0,0.07739864779706523,2020-08-10 00:00:00+00:00
1284065.0,1502580.0,153130.0,1637787.0,7958455.0,2921852.0,1655710.0,12536017.0,0.10100034165556732,2020-08-11 00:00:00+00:00
1316800.0,1571227.0,144877.0,1732118.0,8014410.0,3048918.0,1716104.0,12779432.0,0.1042936806581075,2020-08-12 00:00:00+00:00
1390371.0,1560481.0,160148.0,1759360.0,8303212.0,3149731.0,1720629.0,13173572.0,0.10848249814097498,2020-08-13 00:00:00+00:00
1469319.0,1650252.0,177843.0,1862519.0,8603526.0,3331838.0,1828095.0,13763459.0,0.10925618334751461,2020-08-14 00:00:00+00:00
1100458.0,1720389.0,197981.0,2447442.0,7939626.0,3547900.0,1918370.0,13405896.0,0.12155323299539247,2020-08-15 00:00:00+00:00
1165885.0,1757966.0,211265.0,2519291.0,7623133.0,3685176.0,1969231.0,13277540.0,0.12923666582815793,2020-08-16 00:00:00+00:00
1334978.0,1885437.0,238045.0,2686123.0,7467350.0,4021101.0,2123482.0,13611933.0,0.13940848812582313,2020-08-17 00:00:00+00:00
1743048.0,1978908.0,239698.0,2772858.0,8220786.0,4515906.0,2218606.0,14955298.0,0.15361111493732857,2020-08-18 00:00:00+00:00
1765677.0,2039026.0,216285.0,2745744.0,8532163.0,4511421.0,2255311.0,15298895.0,0.14746882046056267,2020-08-19 00:00:00+00:00
1734770.0,2129495.0,213166.0,2829588.0,8357143.0,4564358.0,2342661.0,15264162.0,0.14554988344594352,2020-08-20 00:00:00+00:00
1725710.0,2202184.0,407358.0,2860576.0,8360011.0,4586286.0,2609542.0,15555839.0,0.1270740845286455,2020-08-21 00:00:00+00:00
1492149.0,2344355.0,521599.0,2383258.0,7326726.0,3875407.0,2865954.0,14068087.0,0.07175481641533778,2020-08-22 00:00:00+00:00
1082446.0,1940286.0,559159.0,2339940.0,6876206.0,3422386.0,2499445.0,12798037.0,0.07211582526288993,2020-08-23 00:00:00+00:00
817202.0,1994301.0,624565.0,2334745.0,6574060.0,3151947.0,2618866.0,12344873.0,0.04318238024805925,2020-08-24 00:00:00+00:00
373284.0,1991494.0,821414.0,2341560.0,6069200.0,2714844.0,2812908.0,11596952.0,-0.008456014994284704,2020-08-25 00:00:00+00:00
326442.0,1917037.0,815023.0,2282773.0,6035407.0,2609215.0,2732060.0,11376682.0,-0.010797963764830554,2020-08-26 00:00:00+00:00
295683.0,1876245.0,819126.0,2234104.0,5905847.0,2529787.0,2695371.0,11131005.0,-0.0148759253993687,2020-08-27 00:00:00+00:00
313147.0,1821293.0,627122.0,2337523.0,5866067.0,2650670.0,2448415.0,10965152.0,0.01844525274250644,2020-08-28 00:00:00+00:00
356689.0,1755083.0,526928.0,2423015.0,5767410.0,2779704.0,2282011.0,10829125.0,0.04595874551267993,2020-08-29 00:00:00+00:00
416805.0,1765326.0,473738.0,2409056.0,5640556.0,2825861.0,2239064.0,10705481.0,0.05481276366750826,2020-08-30 00:00:00+00:00
447135.0,1669810.0,397270.0,2144739.0,5299834.0,2591874.0,2067080.0,9958788.0,0.052696573117130316,2020-08-31 00:00:00+00:00
424007.0,1578353.0,218794.0,2212660.0,4712871.0,2636667.0,1797147.0,9146685.0,0.09178407259023351,2020-09-01 00:00:00+00:00
429944.0,1658944.0,252480.0,2290605.0,4257137.0,2720549.0,1911424.0,8889110.0,0.09102429827058052,2020-09-02 00:00:00+00:00
438926.0,1608940.0,271504.0,2275601.0,4251473.0,2714527.0,1880444.0,8846444.0,0.09428455094498987,2020-09-03 00:00:00+00:00
362431.0,1477546.0,289329.0,1973249.0,3902564.0,2335680.0,1766875.0,8005119.0,0.07105515858040336,2020-09-04 00:00:00+00:00
310179.0,1299683.0,280218.0,1808275.0,3783387.0,2118454.0,1579901.0,7481742.0,0.07198230037870859,2020-09-05 00:00:00+00:00
267175.0,1204369.0,341168.0,1952093.0,3900412.0,2219268.0,1545537.0,7665217.0,0.08789457623965505,2020-09-06 00:00:00+00:00
216832.0,1033468.0,325505.0,1991913.0,3858083.0,2208745.0,1358973.0,7425801.0,0.11443506229159656,2020-09-07 00:00:00+00:00
199939.0,1066568.0,330721.0,1810911.0,4458589.0,2010850.0,1397289.0,7866728.0,0.07799443428068188,2020-09-08 00:00:00+00:00
187540.0,985260.0,330415.0,1738459.0,4533739.0,1925999.0,1315675.0,7775413.0,0.07849409414007977,2020-09-09 00:00:00+00:00
187186.0,1113040.0,376766.0,1716734.0,4990109.0,1903920.0,1489806.0,8383835.0,0.04939434041819764,2020-09-10 00:00:00+00:00
205209.0,1191116.0,544063.0,1853776.0,5424664.0,2058985.0,1735179.0,9218828.0,0.03512442145574253,2020-09-11 00:00:00+00:00
272417.0,1197396.0,544312.0,1890844.0,5646568.0,2163261.0,1741708.0,9551537.0,0.04413457226831661,2020-09-12 00:00:00+00:00
339811.0,1191586.0,507863.0,1798180.0,5547526.0,2137991.0,1699449.0,9384966.0,0.04672813945197031,2020-09-13 00:00:00+00:00
349827.0,1162469.0,513211.0,1738452.0,5739564.0,2088279.0,1675680.0,9503523.0,0.04341537343572484,2020-09-14 00:00:00+00:00
409628.0,1306859.0,646662.0,1668987.0,5318126.0,2078615.0,1953521.0,9350262.0,0.013378662544429236,2020-09-15 00:00:00+00:00
407561.0,1323076.0,607647.0,1637770.0,5914737.0,2045331.0,1930723.0,9890791.0,0.011587344227574924,2020-09-16 00:00:00+00:00
410845.0,1228926.0,530038.0,1690640.0,5892810.0,2101485.0,1758964.0,9753259.0,0.03511862035038749,2020-09-17 00:00:00+00:00
400090.0,1184199.0,353798.0,1682006.0,5850125.0,2082096.0,1537997.0,9470218.0,0.05745369325183433,2020-09-18 00:00:00+00:00
375329.0,1125692.0,357523.0,1610884.0,6057881.0,1986213.0,1483215.0,9527309.0,0.05279539059770183,2020-09-19 00:00:00+00:00
421857.0,1338509.0,360696.0,1536190.0,6025230.0,1958047.0,1699205.0,9682482.0,0.026733021553771028,2020-09-20 00:00:00+00:00
450809.0,1523374.0,375941.0,1601902.0,5786889.0,2052711.0,1899315.0,9738915.0,0.015750830559667067,2020-09-21 00:00:00+00:00
393390.0,1217051.0,292318.0,1593589.0,5778665.0,1986979.0,1509369.0,9275013.0,0.05149426744738794,2020-09-22 00:00:00+00:00
406301.0,1218470.0,467827.0,1722567.0,5466225.0,2128868.0,1686297.0,9281390.0,0.04768369823916461,2020-09-23 00:00:00+00:00
623280.0,1243324.0,510478.0,1804649.0,5231403.0,2427929.0,1753802.0,9413134.0,0.07161557457909343,2020-09-24 00:00:00+00:00
657180.0,1244737.0,519943.0,2096186.0,5569261.0,2753366.0,1764680.0,10087307.0,0.09801287895768415,2020-09-25 00:00:00+00:00
658604.0,1316512.0,540572.0,2422543.0,5751100.0,3081147.0,1857084.0,10689331.0,0.11451259204154124,2020-09-26 00:00:00+00:00
675221.0,2000505.0,539042.0,3602912.0,7264795.0,4278133.0,2539547.0,14082475.0,0.12345741781895583,2020-09-27 00:00:00+00:00
682800.0,2066571.0,515760.0,3532992.0,7339607.0,4215792.0,2582331.0,14137730.0,0.11553912827589718,2020-09-28 00:00:00+00:00
747740.0,2100977.0,425081.0,3728727.0,9731756.0,4476467.0,2526058.0,16734281.0,0.11655170604581098,2020-09-29 00:00:00+00:00
794132.0,2024827.0,319401.0,3639907.0,10243272.0,4434039.0,2344228.0,17021539.0,0.12277450352755999,2020-09-30 00:00:00+00:00
578303.0,1974496.0,300061.0,3641003.0,10660202.0,4219306.0,2274557.0,17154065.0,0.11336957158551049,2020-10-01 00:00:00+00:00
559738.0,1950739.0,314884.0,3367657.0,10562732.0,3927395.0,2265623.0,16755750.0,0.0991762230875968,2020-10-02 00:00:00+00:00
731797.0,2316002.0,280990.0,3332494.0,10580973.0,4064291.0,2596992.0,17242256.0,0.08509901488529112,2020-10-03 00:00:00+00:00
920474.0,1450607.0,248530.0,2228964.0,9370327.0,3149438.0,1699137.0,14218902.0,0.10199810083788467,2020-10-04 00:00:00+00:00
1083432.0,1526491.0,1488488.0,2752698.0,11177319.0,3836130.0,3014979.0,18028428.0,0.0455475652120085,2020-10-05 00:00:00+00:00
1050033.0,1854329.0,1502669.0,2704839.0,9461689.0,3754872.0,3356998.0,16573559.0,0.02400655164047746,2020-10-06 00:00:00+00:00
1046735.0,2097727.0,1460656.0,2770412.0,8882610.0,3817147.0,3558383.0,16258140.0,0.015915965786984242,2020-10-07 00:00:00+00:00
1066414.0,2104789.0,1500834.0,2787936.0,8566961.0,3854350.0,3605623.0,16026934.0,0.015519312677022317,2020-10-08 00:00:00+00:00
1066199.0,2346188.0,1474416.0,2841043.0,8375248.0,3907242.0,3820604.0,16103094.0,0.0053802083003427785,2020-10-09 00:00:00+00:00
881016.0,2090674.0,1542132.0,2579913.0,8142119.0,3460929.0,3632806.0,15235854.0,-0.011281087361430478,2020-10-10 00:00:00+00:00
607221.0,2377109.0,1605945.0,2487346.0,7987541.0,3094567.0,3983054.0,15065162.0,-0.05897626590407724,2020-10-11 00:00:00+00:00
424336.0,2767629.0,408941.0,2037376.0,6817913.0,2461712.0,3176570.0,12456195.0,-0.0573897566632507,2020-10-12 00:00:00+00:00
513593.0,2527881.0,461083.0,2159436.0,6559941.0,2673029.0,2988964.0,12221934.0,-0.025849836858880107,2020-10-13 00:00:00+00:00
509824.0,2412968.0,547482.0,2190931.0,6727803.0,2700755.0,2960450.0,12389008.0,-0.020961726717748506,2020-10-14 00:00:00+00:00
537222.0,3496608.0,546397.0,2122516.0,6909948.0,2659738.0,4043005.0,13612691.0,-0.10161598467195061,2020-10-15 00:00:00+00:00
645554.0,3378582.0,590874.0,2095278.0,6926697.0,2740832.0,3969456.0,13636985.0,-0.09009498800504658,2020-10-16 00:00:00+00:00
879305.0,4036517.0,600209.0,2118928.0,7083552.0,2998233.0,4636726.0,14718511.0,-0.11132192651824631,2020-10-17 00:00:00+00:00
1019396.0,3892113.0,588976.0,2252717.0,7442680.0,3272113.0,4481089.0,15195882.0,-0.07955944906653,2020-10-18 00:00:00+00:00
1099805.0,3758868.0,965954.0,2294204.0,7670838.0,3394009.0,4724822.0,15789669.0,-0.08428378074296554,2020-10-19 00:00:00+00:00
1214806.0,4136686.0,1619351.0,2233292.0,8373931.0,3448098.0,5756037.0,17578066.0,-0.13129652602282868,2020-10-20 00:00:00+00:00
1243339.0,4512726.0,1688231.0,2336316.0,9001898.0,3579655.0,6200957.0,18782510.0,-0.139560793525466,2020-10-21 00:00:00+00:00
1257127.0,3844473.0,1702358.0,2404214.0,9112229.0,3661341.0,5546831.0,18320401.0,-0.10291750710041772,2020-10-22 00:00:00+00:00
1475009.0,4353391.0,1894404.0,2470459.0,9143880.0,3945468.0,6247795.0,19337143.0,-0.11906241785562635,2020-10-23 00:00:00+00:00
1331402.0,4186701.0,2032029.0,2548705.0,9462294.0,3880107.0,6218730.0,19561131.0,-0.11955459017170326,2020-10-24 00:00:00+00:00
1236551.0,4533231.0,2033658.0,2629531.0,9462623.0,3866082.0,6566889.0,19895594.0,-0.1357490005073485,2020-10-25 00:00:00+00:00
1219740.0,4394173.0,1705951.0,2440574.0,8682268.0,3660314.0,6100124.0,18442706.0,-0.13229132427746773,2020-10-26 00:00:00+00:00
1058084.0,4271345.0,1296226.0,2245492.0,8199331.0,3303576.0,5567571.0,17070478.0,-0.13262633887580652,2020-10-27 00:00:00+00:00
975149.0,3731867.0,1126338.0,1952846.0,7153313.0,2927995.0,4858205.0,14939513.0,-0.1292016680865032,2020-10-28 00:00:00+00:00
887181.0,3242882.0,1040447.0,1664136.0,6234192.0,2551317.0,4283329.0,13068838.0,-0.1325299158196008,2020-10-29 00:00:00+00:00
510217.0,2516465.0,764838.0,1315445.0,5305544.0,1825662.0,3281303.0,10412509.0,-0.1397973341487628,2020-10-30 00:00:00+00:00
371424.0,1734217.0,527675.0,971113.0,3885726.0,1342537.0,2261892.0,7490155.0,-0.12274178571738502,2020-10-31 00:00:00+00:00
248855.0,1080107.0,462767.0,534274.0,2641226.0,783129.0,1542874.0,4967229.0,-0.15295147455452526,2020-11-01 00:00:00+00:00
121692.0,530537.0,351327.0,322281.0,1832039.0,443973.0,881864.0,3157876.0,-0.13866630608674946,2020-11-02 00:00:00+00:00
8923.0,36140.0,29153.0,51501.0,375760.0,60424.0,65293.0,501477.0,-0.009709318672641019,2020-11-03 00:00:00+00:00
