likes_pro,likes_anti,likes_neutral,likes_total,bias,topic,date
38067.0,33145.0,34945.0,106157.0,0.046365289147206494,Abortion,2024-08-01 00:00:00+00:00
40939.0,36861.0,42566.0,120366.0,0.03387999933536048,Abortion,2024-08-02 00:00:00+00:00
269260.0,50210.0,70662.0,390132.0,0.5614766284232003,Abortion,2024-08-03 00:00:00+00:00
329189.0,65985.0,99104.0,494278.0,0.5325019523426088,Abortion,2024-08-04 00:00:00+00:00
333308.0,61073.0,97436.0,491817.0,0.5535290565393226,Abortion,2024-08-05 00:00:00+00:00
330272.0,57418.0,100710.0,488400.0,0.5586691236691237,Abortion,2024-08-06 00:00:00+00:00
355743.0,52156.0,95333.0,503232.0,0.6032744340582474,Abortion,2024-08-07 00:00:00+00:00
354802.0,62436.0,89217.0,506455.0,0.5772793239280883,Abortion,2024-08-08 00:00:00+00:00
355475.0,61753.0,90678.0,507906.0,0.5782999216390434,Abortion,2024-08-09 00:00:00+00:00
130271.0,55984.0,71569.0,257824.0,0.2881306627777088,Abortion,2024-08-10 00:00:00+00:00
74520.0,42702.0,62321.0,179543.0,0.17721659992313818,Abortion,2024-08-11 00:00:00+00:00
63905.0,50987.0,59810.0,174702.0,0.0739430573204657,Abortion,2024-08-12 00:00:00+00:00
62695.0,51750.0,50062.0,164507.0,0.06653212325311385,Abortion,2024-08-13 00:00:00+00:00
42236.0,49859.0,54193.0,146288.0,-0.05210953735097889,Abortion,2024-08-14 00:00:00+00:00
35540.0,72538.0,76499.0,184577.0,-0.20044750971139416,Abortion,2024-08-15 00:00:00+00:00
39448.0,100870.0,84069.0,224387.0,-0.2737324354797738,Abortion,2024-08-16 00:00:00+00:00
58219.0,112918.0,91003.0,262140.0,-0.2086633096818494,Abortion,2024-08-17 00:00:00+00:00
74053.0,114858.0,82737.0,271648.0,-0.1502127753563435,Abortion,2024-08-18 00:00:00+00:00
80361.0,110555.0,97784.0,288700.0,-0.10458607551091098,Abortion,2024-08-19 00:00:00+00:00
96223.0,134633.0,114869.0,345725.0,-0.11109986260756381,Abortion,2024-08-20 00:00:00+00:00
97978.0,136328.0,114170.0,348476.0,-0.11005062041575317,Abortion,2024-08-21 00:00:00+00:00
109884.0,111088.0,97591.0,318563.0,-0.0037794721923136085,Abortion,2024-08-22 00:00:00+00:00
112323.0,104991.0,88642.0,305956.0,0.023964230150740628,Abortion,2024-08-23 00:00:00+00:00
113367.0,95993.0,76857.0,286217.0,0.06070219448879696,Abortion,2024-08-24 00:00:00+00:00
115713.0,110684.0,72876.0,299273.0,0.016804055160338553,Abortion,2024-08-25 00:00:00+00:00
119925.0,101516.0,60505.0,281946.0,0.06529264469082732,Abortion,2024-08-26 00:00:00+00:00
130052.0,94414.0,50682.0,275148.0,0.12952302033814528,Abortion,2024-08-27 00:00:00+00:00
138607.0,99066.0,52944.0,290617.0,0.136058799037909,Abortion,2024-08-28 00:00:00+00:00
123475.0,211886.0,48229.0,383590.0,-0.23048306785891187,Abortion,2024-08-29 00:00:00+00:00
116004.0,190464.0,45587.0,352055.0,-0.21150104387098606,Abortion,2024-08-30 00:00:00+00:00
111811.0,188361.0,64603.0,364775.0,-0.20985539030909464,Abortion,2024-08-31 00:00:00+00:00
98791.0,170911.0,69004.0,338706.0,-0.21292802607571168,Abortion,2024-09-01 00:00:00+00:00
86843.0,175106.0,66115.0,328064.0,-0.26904201619196255,Abortion,2024-09-02 00:00:00+00:00
59120.0,157915.0,57769.0,274804.0,-0.3595107785912869,Abortion,2024-09-03 00:00:00+00:00
48937.0,150388.0,63123.0,262448.0,-0.3865565750167652,Abortion,2024-09-04 00:00:00+00:00
46078.0,27266.0,60621.0,133965.0,0.14042473780465048,Abortion,2024-09-05 00:00:00+00:00
54764.0,36913.0,60308.0,151985.0,0.11745238016909564,Abortion,2024-09-06 00:00:00+00:00
47293.0,62201.0,76737.0,186231.0,-0.0800511193088154,Abortion,2024-09-07 00:00:00+00:00
109248.0,100977.0,129035.0,339260.0,0.024379531922419383,Abortion,2024-09-08 00:00:00+00:00
116089.0,102901.0,140361.0,359351.0,0.03669949436623246,Abortion,2024-09-09 00:00:00+00:00
118185.0,111688.0,149668.0,379541.0,0.01711804521777621,Abortion,2024-09-10 00:00:00+00:00
115706.0,119076.0,139967.0,374749.0,-0.008992685771009395,Abortion,2024-09-11 00:00:00+00:00
114544.0,123325.0,152161.0,390030.0,-0.022513652795938775,Abortion,2024-09-12 00:00:00+00:00
105417.0,118513.0,149679.0,373609.0,-0.03505268877355738,Abortion,2024-09-13 00:00:00+00:00
125576.0,95469.0,144229.0,365274.0,0.08242305775938064,Abortion,2024-09-14 00:00:00+00:00
77542.0,59120.0,84715.0,221377.0,0.08321551019301915,Abortion,2024-09-15 00:00:00+00:00
88260.0,65719.0,96262.0,250241.0,0.0900771656123497,Abortion,2024-09-16 00:00:00+00:00
103916.0,69663.0,96247.0,269826.0,0.126944771815911,Abortion,2024-09-17 00:00:00+00:00
106973.0,71913.0,102237.0,281123.0,0.1247140931193819,Abortion,2024-09-18 00:00:00+00:00
109672.0,90234.0,93522.0,293428.0,0.06624453017435282,Abortion,2024-09-19 00:00:00+00:00
117037.0,90348.0,92152.0,299537.0,0.08910084563843532,Abortion,2024-09-20 00:00:00+00:00
181706.0,88531.0,60937.0,331174.0,0.28134756955558105,Abortion,2024-09-21 00:00:00+00:00
177052.0,117782.0,74417.0,369251.0,0.16051412183040803,Abortion,2024-09-22 00:00:00+00:00
159825.0,107125.0,57959.0,324909.0,0.16219926194719136,Abortion,2024-09-23 00:00:00+00:00
151126.0,101101.0,45085.0,297312.0,0.16825758798837584,Abortion,2024-09-24 00:00:00+00:00
149241.0,94346.0,39870.0,283457.0,0.1936625308247812,Abortion,2024-09-25 00:00:00+00:00
149752.0,82945.0,38011.0,270708.0,0.24678620506228113,Abortion,2024-09-26 00:00:00+00:00
147469.0,75380.0,48475.0,271324.0,0.265693414515487,Abortion,2024-09-27 00:00:00+00:00
69719.0,69318.0,61280.0,200317.0,0.0020018271040400963,Abortion,2024-09-28 00:00:00+00:00
107421.0,63532.0,76460.0,247413.0,0.17739164878159192,Abortion,2024-09-29 00:00:00+00:00
113058.0,63829.0,71436.0,248323.0,0.19824583304808657,Abortion,2024-09-30 00:00:00+00:00
114456.0,69778.0,70315.0,254549.0,0.1755182695669596,Abortion,2024-10-01 00:00:00+00:00
112063.0,74515.0,70502.0,257080.0,0.14605570250505678,Abortion,2024-10-02 00:00:00+00:00
119374.0,63940.0,78955.0,262269.0,0.21136314242247464,Abortion,2024-10-03 00:00:00+00:00
130715.0,70856.0,68862.0,270433.0,0.22134502815854573,Abortion,2024-10-04 00:00:00+00:00
123717.0,78129.0,72805.0,274651.0,0.16598519575752502,Abortion,2024-10-05 00:00:00+00:00
73702.0,56294.0,41728.0,171724.0,0.10137196897346905,Abortion,2024-10-06 00:00:00+00:00
73362.0,51774.0,46430.0,171566.0,0.1258291269832018,Abortion,2024-10-07 00:00:00+00:00
63813.0,42064.0,58165.0,164042.0,0.13258189975737922,Abortion,2024-10-08 00:00:00+00:00
73025.0,49546.0,59399.0,181970.0,0.12902676265318458,Abortion,2024-10-09 00:00:00+00:00
70908.0,83245.0,58646.0,212799.0,-0.05797489649857377,Abortion,2024-10-10 00:00:00+00:00
66760.0,88347.0,80688.0,235795.0,-0.09154986322865201,Abortion,2024-10-11 00:00:00+00:00
60554.0,91016.0,68602.0,220172.0,-0.13835546754355685,Abortion,2024-10-12 00:00:00+00:00
65482.0,90724.0,81605.0,237811.0,-0.10614311364907426,Abortion,2024-10-13 00:00:00+00:00
69859.0,104697.0,79544.0,254100.0,-0.137103502558048,Abortion,2024-10-14 00:00:00+00:00
70748.0,115219.0,72510.0,258477.0,-0.17205012438244022,Abortion,2024-10-15 00:00:00+00:00
70704.0,105691.0,71855.0,248250.0,-0.14093454179254783,Abortion,2024-10-16 00:00:00+00:00
65408.0,80145.0,69861.0,215414.0,-0.06841245230115034,Abortion,2024-10-17 00:00:00+00:00
59988.0,89410.0,75015.0,224413.0,-0.1311064867008596,Abortion,2024-10-18 00:00:00+00:00
62798.0,81469.0,80520.0,224787.0,-0.08306085316321674,Abortion,2024-10-19 00:00:00+00:00
67133.0,86777.0,76361.0,230271.0,-0.08530818036140027,Abortion,2024-10-20 00:00:00+00:00
83969.0,80687.0,73596.0,238252.0,0.013775330322515655,Abortion,2024-10-21 00:00:00+00:00
101852.0,76011.0,82461.0,260324.0,0.09926476237304283,Abortion,2024-10-22 00:00:00+00:00
138429.0,75068.0,91489.0,304986.0,0.20775051969598604,Abortion,2024-10-23 00:00:00+00:00
149027.0,69454.0,91649.0,310130.0,0.2565794989198078,Abortion,2024-10-24 00:00:00+00:00
153216.0,52315.0,70252.0,275783.0,0.36587099277330365,Abortion,2024-10-25 00:00:00+00:00
159087.0,72634.0,61121.0,292842.0,0.2952206309204281,Abortion,2024-10-26 00:00:00+00:00
173187.0,69753.0,64253.0,307193.0,0.33670689110754476,Abortion,2024-10-27 00:00:00+00:00
172655.0,68382.0,64026.0,305063.0,0.3418080855429862,Abortion,2024-10-28 00:00:00+00:00
166414.0,59459.0,54429.0,280302.0,0.3815705917189317,Abortion,2024-10-29 00:00:00+00:00
120309.0,54231.0,42812.0,217352.0,0.30401376568883653,Abortion,2024-10-30 00:00:00+00:00
104499.0,50021.0,35012.0,189532.0,0.28743431188400903,Abortion,2024-10-31 00:00:00+00:00
91475.0,44647.0,27946.0,164068.0,0.28541824121705633,Abortion,2024-11-01 00:00:00+00:00
77652.0,19435.0,23994.0,121081.0,0.48081036661408477,Abortion,2024-11-02 00:00:00+00:00
47997.0,11569.0,10303.0,69869.0,0.5213757174140177,Abortion,2024-11-03 00:00:00+00:00
18896.0,3284.0,6134.0,28314.0,0.5513880059334605,Abortion,2024-11-04 00:00:00+00:00
2110.0,77.0,1030.0,3217.0,0.6319552377991918,Abortion,2024-11-05 00:00:00+00:00
0.0,0.0,0.0,0.0,,Abortion,2024-11-06 00:00:00+00:00
0.0,0.0,0.0,0.0,,Abortion,2024-11-07 00:00:00+00:00
0.0,0.0,0.0,0.0,,Abortion,2024-11-08 00:00:00+00:00
0.0,0.0,0.0,0.0,,Abortion,2024-11-09 00:00:00+00:00
0.0,0.0,0.0,0.0,,Abortion,2024-11-10 00:00:00+00:00
0.0,0.0,0.0,0.0,,Abortion,2024-11-11 00:00:00+00:00
0.0,0.0,0.0,0.0,,Abortion,2024-11-12 00:00:00+00:00
0.0,0.0,0.0,0.0,,Abortion,2024-11-13 00:00:00+00:00
0.0,0.0,0.0,0.0,,Abortion,2024-11-14 00:00:00+00:00
0.0,0.0,0.0,0.0,,Abortion,2024-11-15 00:00:00+00:00
0.0,0.0,0.0,0.0,,Abortion,2024-11-16 00:00:00+00:00
0.0,0.0,0.0,0.0,,Abortion,2024-11-17 00:00:00+00:00
0.0,0.0,0.0,0.0,,Abortion,2024-11-18 00:00:00+00:00
0.0,0.0,0.0,0.0,,Abortion,2024-11-19 00:00:00+00:00
0.0,0.0,0.0,0.0,,Abortion,2024-11-20 00:00:00+00:00
0.0,0.0,0.0,0.0,,Abortion,2024-11-21 00:00:00+00:00
0.0,0.0,0.0,0.0,,Abortion,2024-11-22 00:00:00+00:00
0.0,0.0,0.0,0.0,,Abortion,2024-11-23 00:00:00+00:00
0.0,0.0,0.0,0.0,,Abortion,2024-11-24 00:00:00+00:00
100682.0,184678.0,30211.0,315571.0,-0.2661714796353277,Democratic concerns,2024-08-01 00:00:00+00:00
132401.0,211663.0,33432.0,377496.0,-0.20996778773814823,Democratic concerns,2024-08-02 00:00:00+00:00
216654.0,298753.0,36836.0,552243.0,-0.14866462770917874,Democratic concerns,2024-08-03 00:00:00+00:00
237239.0,340806.0,43967.0,622012.0,-0.16650321858742276,Democratic concerns,2024-08-04 00:00:00+00:00
246001.0,395560.0,50037.0,691598.0,-0.21625134832662907,Democratic concerns,2024-08-05 00:00:00+00:00
261365.0,431917.0,60972.0,754254.0,-0.22612011338355514,Democratic concerns,2024-08-06 00:00:00+00:00
247868.0,422797.0,51662.0,722327.0,-0.24217425072024165,Democratic concerns,2024-08-07 00:00:00+00:00
243249.0,426630.0,43554.0,713433.0,-0.2570402546560083,Democratic concerns,2024-08-08 00:00:00+00:00
223529.0,477576.0,46188.0,747293.0,-0.3399563491160763,Democratic concerns,2024-08-09 00:00:00+00:00
180176.0,473252.0,46839.0,700267.0,-0.41852036437530254,Democratic concerns,2024-08-10 00:00:00+00:00
179364.0,468190.0,40776.0,688330.0,-0.4196039690264844,Democratic concerns,2024-08-11 00:00:00+00:00
124249.0,409779.0,31491.0,565519.0,-0.5048990396432304,Democratic concerns,2024-08-12 00:00:00+00:00
136354.0,380138.0,23435.0,539927.0,-0.45151288970546016,Democratic concerns,2024-08-13 00:00:00+00:00
207210.0,351247.0,21208.0,579665.0,-0.248483175627302,Democratic concerns,2024-08-14 00:00:00+00:00
212531.0,312125.0,20654.0,545310.0,-0.18263739891071135,Democratic concerns,2024-08-15 00:00:00+00:00
221537.0,360928.0,25172.0,607637.0,-0.22939847310153924,Democratic concerns,2024-08-16 00:00:00+00:00
195877.0,344586.0,24072.0,564535.0,-0.26341856572223155,Democratic concerns,2024-08-17 00:00:00+00:00
207328.0,493152.0,29228.0,729708.0,-0.39169640458923294,Democratic concerns,2024-08-18 00:00:00+00:00
262720.0,603182.0,32140.0,898042.0,-0.37911589881096874,Democratic concerns,2024-08-19 00:00:00+00:00
312028.0,698951.0,41287.0,1052266.0,-0.3677045537915318,Democratic concerns,2024-08-20 00:00:00+00:00
311340.0,707870.0,40913.0,1060123.0,-0.37404150273128683,Democratic concerns,2024-08-21 00:00:00+00:00
301681.0,711406.0,47432.0,1060519.0,-0.38634385616853634,Democratic concerns,2024-08-22 00:00:00+00:00
330741.0,641249.0,41314.0,1013304.0,-0.30643123879901785,Democratic concerns,2024-08-23 00:00:00+00:00
337552.0,619619.0,45560.0,1002731.0,-0.28129877305079826,Democratic concerns,2024-08-24 00:00:00+00:00
337156.0,488838.0,43989.0,869983.0,-0.1743505332862826,Democratic concerns,2024-08-25 00:00:00+00:00
294185.0,458481.0,46249.0,798915.0,-0.20564891133599944,Democratic concerns,2024-08-26 00:00:00+00:00
226334.0,421089.0,38836.0,686259.0,-0.2837922708481783,Democratic concerns,2024-08-27 00:00:00+00:00
322709.0,427778.0,40174.0,790661.0,-0.13288754599000077,Democratic concerns,2024-08-28 00:00:00+00:00
329522.0,465213.0,35149.0,829884.0,-0.16350598396884383,Democratic concerns,2024-08-29 00:00:00+00:00
283981.0,447732.0,32692.0,764405.0,-0.21422021049051224,Democratic concerns,2024-08-30 00:00:00+00:00
272327.0,455230.0,30936.0,758493.0,-0.24113999733682448,Democratic concerns,2024-08-31 00:00:00+00:00
338566.0,437545.0,29278.0,805389.0,-0.12289589254385148,Democratic concerns,2024-09-01 00:00:00+00:00
354486.0,390985.0,38921.0,784392.0,-0.04653158114820141,Democratic concerns,2024-09-02 00:00:00+00:00
354475.0,345321.0,34744.0,734540.0,0.012462221254118224,Democratic concerns,2024-09-03 00:00:00+00:00
223291.0,381853.0,33542.0,638686.0,-0.2482628396426413,Democratic concerns,2024-09-04 00:00:00+00:00
294993.0,318949.0,33998.0,647940.0,-0.0369725591875791,Democratic concerns,2024-09-05 00:00:00+00:00
320299.0,300596.0,35082.0,655977.0,0.030036114071072612,Democratic concerns,2024-09-06 00:00:00+00:00
337357.0,302463.0,30749.0,670569.0,0.05203640490389505,Democratic concerns,2024-09-07 00:00:00+00:00
309384.0,411535.0,81957.0,802876.0,-0.12723135328494065,Democratic concerns,2024-09-08 00:00:00+00:00
341625.0,413595.0,82212.0,837432.0,-0.0859413062791964,Democratic concerns,2024-09-09 00:00:00+00:00
380790.0,493466.0,90861.0,965117.0,-0.11674853929627185,Democratic concerns,2024-09-10 00:00:00+00:00
359304.0,544022.0,90433.0,993759.0,-0.185878065003688,Democratic concerns,2024-09-11 00:00:00+00:00
288448.0,577075.0,97005.0,962528.0,-0.29986348449084077,Democratic concerns,2024-09-12 00:00:00+00:00
320099.0,623682.0,111501.0,1055282.0,-0.28767950178246193,Democratic concerns,2024-09-13 00:00:00+00:00
449158.0,643329.0,137087.0,1229574.0,-0.15791729493304185,Democratic concerns,2024-09-14 00:00:00+00:00
425919.0,562011.0,105712.0,1093642.0,-0.12443925891653759,Democratic concerns,2024-09-15 00:00:00+00:00
366397.0,544335.0,93378.0,1004110.0,-0.1772096682634373,Democratic concerns,2024-09-16 00:00:00+00:00
329377.0,464013.0,86704.0,880094.0,-0.1529791135946842,Democratic concerns,2024-09-17 00:00:00+00:00
322313.0,371847.0,87442.0,781602.0,-0.06337496577542023,Democratic concerns,2024-09-18 00:00:00+00:00
315209.0,354981.0,89318.0,759508.0,-0.05236547870463511,Democratic concerns,2024-09-19 00:00:00+00:00
266086.0,310890.0,77878.0,654854.0,-0.06841830392728761,Democratic concerns,2024-09-20 00:00:00+00:00
127140.0,292270.0,54563.0,473973.0,-0.34839537273220206,Democratic concerns,2024-09-21 00:00:00+00:00
101893.0,250294.0,40402.0,392589.0,-0.37800600628137826,Democratic concerns,2024-09-22 00:00:00+00:00
163679.0,222872.0,38432.0,424983.0,-0.13928321838755903,Democratic concerns,2024-09-23 00:00:00+00:00
211016.0,203333.0,37546.0,451895.0,0.01700173712920037,Democratic concerns,2024-09-24 00:00:00+00:00
203895.0,187784.0,35130.0,426809.0,0.0377475638986057,Democratic concerns,2024-09-25 00:00:00+00:00
209306.0,192001.0,25770.0,427077.0,0.0405196252666381,Democratic concerns,2024-09-26 00:00:00+00:00
287332.0,217949.0,21534.0,526815.0,0.13170277991325227,Democratic concerns,2024-09-27 00:00:00+00:00
280404.0,205293.0,25290.0,510987.0,0.14699199783947536,Democratic concerns,2024-09-28 00:00:00+00:00
325810.0,220848.0,38129.0,584787.0,0.17948757410817956,Democratic concerns,2024-09-29 00:00:00+00:00
294065.0,237115.0,38335.0,569515.0,0.09999736617999526,Democratic concerns,2024-09-30 00:00:00+00:00
259228.0,266652.0,43041.0,568921.0,-0.013049263430247785,Democratic concerns,2024-10-01 00:00:00+00:00
306809.0,282870.0,46376.0,636055.0,0.03763668236237432,Democratic concerns,2024-10-02 00:00:00+00:00
330476.0,295399.0,65033.0,690908.0,0.05076942226750884,Democratic concerns,2024-10-03 00:00:00+00:00
379198.0,294521.0,69749.0,743468.0,0.11389461281453943,Democratic concerns,2024-10-04 00:00:00+00:00
434363.0,323542.0,83494.0,841399.0,0.13171040136724668,Democratic concerns,2024-10-05 00:00:00+00:00
419464.0,311396.0,64474.0,795334.0,0.13587750555112696,Democratic concerns,2024-10-06 00:00:00+00:00
395142.0,382810.0,81000.0,858952.0,0.014357030427777105,Democratic concerns,2024-10-07 00:00:00+00:00
406236.0,422261.0,83348.0,911845.0,-0.01757425878301685,Democratic concerns,2024-10-08 00:00:00+00:00
414065.0,401782.0,81301.0,897148.0,0.0136911635538395,Democratic concerns,2024-10-09 00:00:00+00:00
406409.0,392504.0,61258.0,860171.0,0.016165390370054326,Democratic concerns,2024-10-10 00:00:00+00:00
365602.0,388462.0,56374.0,810438.0,-0.028206969564605805,Democratic concerns,2024-10-11 00:00:00+00:00
352393.0,397174.0,45317.0,794884.0,-0.05633652205856452,Democratic concerns,2024-10-12 00:00:00+00:00
424507.0,438666.0,60825.0,923998.0,-0.015323626241615242,Democratic concerns,2024-10-13 00:00:00+00:00
516974.0,370064.0,53821.0,940859.0,0.1561445445066689,Democratic concerns,2024-10-14 00:00:00+00:00
509885.0,316177.0,86668.0,912730.0,0.2122292463269532,Democratic concerns,2024-10-15 00:00:00+00:00
533499.0,327437.0,85526.0,946462.0,0.21771819682142549,Democratic concerns,2024-10-16 00:00:00+00:00
582926.0,338618.0,85978.0,1007522.0,0.24248403508806757,Democratic concerns,2024-10-17 00:00:00+00:00
581640.0,316609.0,87016.0,985265.0,0.26899463596088363,Democratic concerns,2024-10-18 00:00:00+00:00
618169.0,324019.0,87233.0,1029421.0,0.28574315076144746,Democratic concerns,2024-10-19 00:00:00+00:00
590329.0,393102.0,77560.0,1060991.0,0.18588941847763082,Democratic concerns,2024-10-20 00:00:00+00:00
648087.0,441706.0,69220.0,1159013.0,0.1780661649179086,Democratic concerns,2024-10-21 00:00:00+00:00
896953.0,472904.0,36781.0,1406638.0,0.3014627786253464,Democratic concerns,2024-10-22 00:00:00+00:00
869311.0,498966.0,42261.0,1410538.0,0.262555847485144,Democratic concerns,2024-10-23 00:00:00+00:00
847611.0,504538.0,47476.0,1399625.0,0.2451177994105564,Democratic concerns,2024-10-24 00:00:00+00:00
837950.0,545948.0,54473.0,1438371.0,0.20300882039473822,Democratic concerns,2024-10-25 00:00:00+00:00
1065208.0,784716.0,49836.0,1899760.0,0.1476460184444351,Democratic concerns,2024-10-26 00:00:00+00:00
1030329.0,763595.0,53294.0,1847218.0,0.1443976834353065,Democratic concerns,2024-10-27 00:00:00+00:00
886736.0,739356.0,52514.0,1678606.0,0.08779904277716152,Democratic concerns,2024-10-28 00:00:00+00:00
761352.0,705918.0,51570.0,1518840.0,0.036497590266255826,Democratic concerns,2024-10-29 00:00:00+00:00
792456.0,683467.0,46387.0,1522310.0,0.07159448469759773,Democratic concerns,2024-10-30 00:00:00+00:00
735774.0,632579.0,40028.0,1408381.0,0.07327207623505287,Democratic concerns,2024-10-31 00:00:00+00:00
648422.0,568891.0,30459.0,1247772.0,0.06373840733723789,Democratic concerns,2024-11-01 00:00:00+00:00
332039.0,242450.0,25052.0,599541.0,0.14942931342476995,Democratic concerns,2024-11-02 00:00:00+00:00
271529.0,126718.0,13273.0,411520.0,0.3518929821150855,Democratic concerns,2024-11-03 00:00:00+00:00
244582.0,66208.0,9992.0,320782.0,0.5560598786714965,Democratic concerns,2024-11-04 00:00:00+00:00
86529.0,28242.0,1399.0,116170.0,0.5017388310235,Democratic concerns,2024-11-05 00:00:00+00:00
0.0,0.0,0.0,0.0,,Democratic concerns,2024-11-06 00:00:00+00:00
0.0,0.0,0.0,0.0,,Democratic concerns,2024-11-07 00:00:00+00:00
0.0,0.0,0.0,0.0,,Democratic concerns,2024-11-08 00:00:00+00:00
0.0,0.0,0.0,0.0,,Democratic concerns,2024-11-09 00:00:00+00:00
0.0,0.0,0.0,0.0,,Democratic concerns,2024-11-10 00:00:00+00:00
0.0,0.0,0.0,0.0,,Democratic concerns,2024-11-11 00:00:00+00:00
0.0,0.0,0.0,0.0,,Democratic concerns,2024-11-12 00:00:00+00:00
0.0,0.0,0.0,0.0,,Democratic concerns,2024-11-13 00:00:00+00:00
0.0,0.0,0.0,0.0,,Democratic concerns,2024-11-14 00:00:00+00:00
0.0,0.0,0.0,0.0,,Democratic concerns,2024-11-15 00:00:00+00:00
0.0,0.0,0.0,0.0,,Democratic concerns,2024-11-16 00:00:00+00:00
0.0,0.0,0.0,0.0,,Democratic concerns,2024-11-17 00:00:00+00:00
0.0,0.0,0.0,0.0,,Democratic concerns,2024-11-18 00:00:00+00:00
0.0,0.0,0.0,0.0,,Democratic concerns,2024-11-19 00:00:00+00:00
0.0,0.0,0.0,0.0,,Democratic concerns,2024-11-20 00:00:00+00:00
0.0,0.0,0.0,0.0,,Democratic concerns,2024-11-21 00:00:00+00:00
0.0,0.0,0.0,0.0,,Democratic concerns,2024-11-22 00:00:00+00:00
0.0,0.0,0.0,0.0,,Democratic concerns,2024-11-23 00:00:00+00:00
0.0,0.0,0.0,0.0,,Democratic concerns,2024-11-24 00:00:00+00:00
42744.0,45708.0,34013.0,122465.0,-0.024202833462621972,Economy,2024-08-01 00:00:00+00:00
48403.0,183656.0,44643.0,276702.0,-0.488803839509653,Economy,2024-08-02 00:00:00+00:00
74866.0,213103.0,58891.0,346860.0,-0.39853831517038574,Economy,2024-08-03 00:00:00+00:00
119043.0,228149.0,70485.0,417677.0,-0.26122099134019827,Economy,2024-08-04 00:00:00+00:00
126534.0,228236.0,56550.0,411320.0,-0.24725760964699017,Economy,2024-08-05 00:00:00+00:00
118531.0,232858.0,61037.0,412426.0,-0.27720609272936236,Economy,2024-08-06 00:00:00+00:00
115684.0,236635.0,62502.0,414821.0,-0.2915739559954776,Economy,2024-08-07 00:00:00+00:00
118104.0,239819.0,67251.0,425174.0,-0.28627103256549086,Economy,2024-08-08 00:00:00+00:00
125211.0,131065.0,71377.0,327653.0,-0.0178664623855115,Economy,2024-08-09 00:00:00+00:00
103849.0,123305.0,71428.0,298582.0,-0.06516132921609474,Economy,2024-08-10 00:00:00+00:00
87838.0,161705.0,73404.0,322947.0,-0.22872793368571315,Economy,2024-08-11 00:00:00+00:00
117232.0,291854.0,79217.0,488303.0,-0.3576099266234285,Economy,2024-08-12 00:00:00+00:00
165970.0,365655.0,98607.0,630232.0,-0.3168436385331116,Economy,2024-08-13 00:00:00+00:00
188259.0,417430.0,107374.0,713063.0,-0.32138955463963215,Economy,2024-08-14 00:00:00+00:00
178084.0,469390.0,106542.0,754016.0,-0.386339281925052,Economy,2024-08-15 00:00:00+00:00
177381.0,478307.0,102310.0,757998.0,-0.39700104749616755,Economy,2024-08-16 00:00:00+00:00
181980.0,502026.0,101714.0,785720.0,-0.4073283103395612,Economy,2024-08-17 00:00:00+00:00
168285.0,506587.0,93720.0,768592.0,-0.44015810729229554,Economy,2024-08-18 00:00:00+00:00
170593.0,430518.0,88698.0,689809.0,-0.37680720315333666,Economy,2024-08-19 00:00:00+00:00
126713.0,373524.0,69250.0,569487.0,-0.433391807012276,Economy,2024-08-20 00:00:00+00:00
111586.0,344803.0,61575.0,517964.0,-0.4502571607293171,Economy,2024-08-21 00:00:00+00:00
123964.0,299256.0,56609.0,479829.0,-0.36532181256239205,Economy,2024-08-22 00:00:00+00:00
127706.0,279149.0,64839.0,471694.0,-0.3210619596602882,Economy,2024-08-23 00:00:00+00:00
136433.0,249557.0,55586.0,441576.0,-0.25618240121745744,Economy,2024-08-24 00:00:00+00:00
128631.0,229335.0,60951.0,418917.0,-0.24039129469560797,Economy,2024-08-25 00:00:00+00:00
95818.0,204735.0,53472.0,354025.0,-0.30765341430689924,Economy,2024-08-26 00:00:00+00:00
92909.0,194634.0,46442.0,333985.0,-0.30457954698564305,Economy,2024-08-27 00:00:00+00:00
92124.0,178917.0,44555.0,315596.0,-0.2750129912926653,Economy,2024-08-28 00:00:00+00:00
103680.0,165893.0,46461.0,316034.0,-0.1968554016340014,Economy,2024-08-29 00:00:00+00:00
115347.0,204490.0,40613.0,360450.0,-0.2473103065612429,Economy,2024-08-30 00:00:00+00:00
101724.0,213500.0,52869.0,368093.0,-0.3036623896678285,Economy,2024-08-31 00:00:00+00:00
111314.0,200438.0,48775.0,360527.0,-0.24720478632668288,Economy,2024-09-01 00:00:00+00:00
130591.0,181512.0,52188.0,364291.0,-0.1397811090584176,Economy,2024-09-02 00:00:00+00:00
154338.0,191298.0,68790.0,414426.0,-0.08918359369344588,Economy,2024-09-03 00:00:00+00:00
150663.0,179600.0,72790.0,403053.0,-0.07179452826303241,Economy,2024-09-04 00:00:00+00:00
129090.0,180917.0,75107.0,385114.0,-0.1345757360158291,Economy,2024-09-05 00:00:00+00:00
106744.0,134740.0,64165.0,305649.0,-0.0915952612310199,Economy,2024-09-06 00:00:00+00:00
107443.0,123936.0,49985.0,281364.0,-0.05861801794117229,Economy,2024-09-07 00:00:00+00:00
105854.0,166338.0,69635.0,341827.0,-0.1769433075795651,Economy,2024-09-08 00:00:00+00:00
97215.0,163929.0,67789.0,328933.0,-0.20281941915222856,Economy,2024-09-09 00:00:00+00:00
100758.0,146006.0,52173.0,298937.0,-0.15136299621659413,Economy,2024-09-10 00:00:00+00:00
171967.0,149348.0,51948.0,373263.0,0.060598023377618465,Economy,2024-09-11 00:00:00+00:00
180165.0,148241.0,47830.0,376236.0,0.0848509977779904,Economy,2024-09-12 00:00:00+00:00
194994.0,152128.0,48027.0,395149.0,0.10848059845779694,Economy,2024-09-13 00:00:00+00:00
194301.0,145914.0,47399.0,387614.0,0.12483295237014143,Economy,2024-09-14 00:00:00+00:00
185774.0,110449.0,29928.0,326151.0,0.23095130782980888,Economy,2024-09-15 00:00:00+00:00
171739.0,113149.0,28424.0,313312.0,0.18700209375957513,Economy,2024-09-16 00:00:00+00:00
157730.0,116487.0,32524.0,306741.0,0.1344554526457174,Economy,2024-09-17 00:00:00+00:00
105959.0,122685.0,34388.0,263032.0,-0.06358922108336629,Economy,2024-09-18 00:00:00+00:00
97936.0,133197.0,40483.0,271616.0,-0.12981930372290293,Economy,2024-09-19 00:00:00+00:00
90352.0,158740.0,45667.0,294759.0,-0.23201327185938342,Economy,2024-09-20 00:00:00+00:00
109202.0,253676.0,49757.0,412635.0,-0.35012541350103604,Economy,2024-09-21 00:00:00+00:00
129467.0,255014.0,52977.0,437458.0,-0.28699212267234797,Economy,2024-09-22 00:00:00+00:00
140954.0,275934.0,52415.0,469303.0,-0.2876180207669672,Economy,2024-09-23 00:00:00+00:00
124892.0,302216.0,50001.0,477109.0,-0.37166349827817124,Economy,2024-09-24 00:00:00+00:00
118693.0,294216.0,51975.0,464884.0,-0.37756300496467937,Economy,2024-09-25 00:00:00+00:00
117466.0,296036.0,48331.0,461833.0,-0.38665491638752536,Economy,2024-09-26 00:00:00+00:00
114509.0,266142.0,43005.0,423656.0,-0.35791538417961744,Economy,2024-09-27 00:00:00+00:00
94792.0,196365.0,40631.0,331788.0,-0.30613825695926317,Economy,2024-09-28 00:00:00+00:00
95853.0,231773.0,97996.0,425622.0,-0.31934439479162263,Economy,2024-09-29 00:00:00+00:00
102073.0,204943.0,102127.0,409143.0,-0.25142798483659745,Economy,2024-09-30 00:00:00+00:00
123073.0,199112.0,136544.0,458729.0,-0.16576017648764302,Economy,2024-10-01 00:00:00+00:00
119560.0,202395.0,131122.0,453077.0,-0.18282764298342224,Economy,2024-10-02 00:00:00+00:00
133497.0,205331.0,128687.0,467515.0,-0.1536506850047592,Economy,2024-10-03 00:00:00+00:00
131663.0,208336.0,131536.0,471535.0,-0.16260298811328958,Economy,2024-10-04 00:00:00+00:00
132732.0,205251.0,133739.0,471722.0,-0.1537324949864539,Economy,2024-10-05 00:00:00+00:00
119703.0,155282.0,68000.0,342985.0,-0.1037333994197997,Economy,2024-10-06 00:00:00+00:00
109985.0,148606.0,66354.0,324945.0,-0.1188539599009063,Economy,2024-10-07 00:00:00+00:00
83410.0,118852.0,30959.0,233221.0,-0.15196744718528776,Economy,2024-10-08 00:00:00+00:00
72282.0,118166.0,28907.0,219355.0,-0.2091769050169816,Economy,2024-10-09 00:00:00+00:00
90996.0,108672.0,31954.0,231622.0,-0.07631399435286804,Economy,2024-10-10 00:00:00+00:00
94254.0,122373.0,30055.0,246682.0,-0.1139888601519365,Economy,2024-10-11 00:00:00+00:00
115745.0,122871.0,32362.0,270978.0,-0.026297337791259808,Economy,2024-10-12 00:00:00+00:00
108839.0,124368.0,56634.0,289841.0,-0.05357765119496551,Economy,2024-10-13 00:00:00+00:00
111983.0,135394.0,55098.0,302475.0,-0.07739813207703115,Economy,2024-10-14 00:00:00+00:00
136250.0,229735.0,54417.0,420402.0,-0.2223704930043149,Economy,2024-10-15 00:00:00+00:00
149713.0,236219.0,54131.0,440063.0,-0.19657639928828372,Economy,2024-10-16 00:00:00+00:00
124415.0,236302.0,55106.0,415823.0,-0.26907362026631526,Economy,2024-10-17 00:00:00+00:00
124084.0,232392.0,57957.0,414433.0,-0.26134019250397533,Economy,2024-10-18 00:00:00+00:00
107829.0,214810.0,61311.0,383950.0,-0.27863263445761166,Economy,2024-10-19 00:00:00+00:00
117918.0,210945.0,48775.0,377638.0,-0.24633908663852686,Economy,2024-10-20 00:00:00+00:00
130054.0,218494.0,52314.0,400862.0,-0.22062455408594478,Economy,2024-10-21 00:00:00+00:00
105663.0,123515.0,55929.0,285107.0,-0.06261508837033114,Economy,2024-10-22 00:00:00+00:00
102250.0,117370.0,57100.0,276720.0,-0.05464006938421509,Economy,2024-10-23 00:00:00+00:00
112756.0,125588.0,54372.0,292716.0,-0.04383771300509709,Economy,2024-10-24 00:00:00+00:00
135503.0,132345.0,61182.0,329030.0,0.00959790900525788,Economy,2024-10-25 00:00:00+00:00
150846.0,212500.0,59436.0,422782.0,-0.14582929263781333,Economy,2024-10-26 00:00:00+00:00
143840.0,204193.0,52109.0,400142.0,-0.15082895572071914,Economy,2024-10-27 00:00:00+00:00
123778.0,196561.0,48883.0,369222.0,-0.19712530672603473,Economy,2024-10-28 00:00:00+00:00
126567.0,201385.0,48462.0,376414.0,-0.19876518939253057,Economy,2024-10-29 00:00:00+00:00
112855.0,193146.0,46804.0,352805.0,-0.22757897422088688,Economy,2024-10-30 00:00:00+00:00
91412.0,171600.0,44201.0,307213.0,-0.2610176001666596,Economy,2024-10-31 00:00:00+00:00
58158.0,142087.0,31571.0,231816.0,-0.36205007419677676,Economy,2024-11-01 00:00:00+00:00
32567.0,49136.0,21839.0,103542.0,-0.16002202004983485,Economy,2024-11-02 00:00:00+00:00
21950.0,41374.0,13558.0,76882.0,-0.25264691345178325,Economy,2024-11-03 00:00:00+00:00
12116.0,21594.0,7888.0,41598.0,-0.22784749266791673,Economy,2024-11-04 00:00:00+00:00
105.0,3714.0,1091.0,4910.0,-0.735030549898167,Economy,2024-11-05 00:00:00+00:00
0.0,0.0,0.0,0.0,,Economy,2024-11-06 00:00:00+00:00
0.0,0.0,0.0,0.0,,Economy,2024-11-07 00:00:00+00:00
0.0,0.0,0.0,0.0,,Economy,2024-11-08 00:00:00+00:00
0.0,0.0,0.0,0.0,,Economy,2024-11-09 00:00:00+00:00
0.0,0.0,0.0,0.0,,Economy,2024-11-10 00:00:00+00:00
0.0,0.0,0.0,0.0,,Economy,2024-11-11 00:00:00+00:00
0.0,0.0,0.0,0.0,,Economy,2024-11-12 00:00:00+00:00
0.0,0.0,0.0,0.0,,Economy,2024-11-13 00:00:00+00:00
0.0,0.0,0.0,0.0,,Economy,2024-11-14 00:00:00+00:00
0.0,0.0,0.0,0.0,,Economy,2024-11-15 00:00:00+00:00
0.0,0.0,0.0,0.0,,Economy,2024-11-16 00:00:00+00:00
0.0,0.0,0.0,0.0,,Economy,2024-11-17 00:00:00+00:00
0.0,0.0,0.0,0.0,,Economy,2024-11-18 00:00:00+00:00
0.0,0.0,0.0,0.0,,Economy,2024-11-19 00:00:00+00:00
0.0,0.0,0.0,0.0,,Economy,2024-11-20 00:00:00+00:00
0.0,0.0,0.0,0.0,,Economy,2024-11-21 00:00:00+00:00
0.0,0.0,0.0,0.0,,Economy,2024-11-22 00:00:00+00:00
0.0,0.0,0.0,0.0,,Economy,2024-11-23 00:00:00+00:00
0.0,0.0,0.0,0.0,,Economy,2024-11-24 00:00:00+00:00
5298.0,105552.0,9276.0,120126.0,-0.8345736976175017,Immigration,2024-08-01 00:00:00+00:00
5816.0,135128.0,12286.0,153230.0,-0.8439078509430268,Immigration,2024-08-02 00:00:00+00:00
6253.0,160030.0,13458.0,179741.0,-0.8555477047529501,Immigration,2024-08-03 00:00:00+00:00
7428.0,188011.0,20172.0,215611.0,-0.8375407562693926,Immigration,2024-08-04 00:00:00+00:00
5610.0,167481.0,22039.0,195130.0,-0.8295546558704453,Immigration,2024-08-05 00:00:00+00:00
23260.0,163451.0,28052.0,214763.0,-0.6527707286636898,Immigration,2024-08-06 00:00:00+00:00
27083.0,169109.0,26558.0,222750.0,-0.6376026936026936,Immigration,2024-08-07 00:00:00+00:00
28584.0,169897.0,27798.0,226279.0,-0.6245077978955184,Immigration,2024-08-08 00:00:00+00:00
29184.0,171984.0,27532.0,228700.0,-0.6243987756886751,Immigration,2024-08-09 00:00:00+00:00
30219.0,178261.0,28275.0,236755.0,-0.6252961922662669,Immigration,2024-08-10 00:00:00+00:00
31972.0,165814.0,24935.0,222721.0,-0.6009401897441193,Immigration,2024-08-11 00:00:00+00:00
31949.0,143213.0,22230.0,197392.0,-0.5636702601929157,Immigration,2024-08-12 00:00:00+00:00
19389.0,144326.0,17184.0,180899.0,-0.6906450560810176,Immigration,2024-08-13 00:00:00+00:00
15855.0,138438.0,18172.0,172465.0,-0.7107703012205375,Immigration,2024-08-14 00:00:00+00:00
13695.0,127858.0,20786.0,162339.0,-0.703238285316529,Immigration,2024-08-15 00:00:00+00:00
14898.0,109705.0,21727.0,146330.0,-0.6478985853891889,Immigration,2024-08-16 00:00:00+00:00
17139.0,107759.0,23552.0,148450.0,-0.6104412260020209,Immigration,2024-08-17 00:00:00+00:00
20732.0,123013.0,22927.0,166672.0,-0.6136663626763944,Immigration,2024-08-18 00:00:00+00:00
37110.0,198504.0,25791.0,261405.0,-0.6174097664543524,Immigration,2024-08-19 00:00:00+00:00
37040.0,235693.0,38374.0,311107.0,-0.6385359377963209,Immigration,2024-08-20 00:00:00+00:00
37790.0,242413.0,37644.0,317847.0,-0.6437782958467438,Immigration,2024-08-21 00:00:00+00:00
38027.0,248197.0,34506.0,320730.0,-0.6552863779503009,Immigration,2024-08-22 00:00:00+00:00
36394.0,245139.0,32266.0,313799.0,-0.66521881841561,Immigration,2024-08-23 00:00:00+00:00
33719.0,242690.0,30025.0,306434.0,-0.6819445622874746,Immigration,2024-08-24 00:00:00+00:00
29660.0,234997.0,31002.0,295659.0,-0.6945061709604646,Immigration,2024-08-25 00:00:00+00:00
13479.0,178845.0,27244.0,219568.0,-0.7531425344312468,Immigration,2024-08-26 00:00:00+00:00
9876.0,136403.0,13117.0,159396.0,-0.7937903084142639,Immigration,2024-08-27 00:00:00+00:00
8638.0,136155.0,12536.0,157329.0,-0.8105117301959588,Immigration,2024-08-28 00:00:00+00:00
8311.0,127661.0,17043.0,153015.0,-0.7799888899781067,Immigration,2024-08-29 00:00:00+00:00
7965.0,123609.0,17623.0,149197.0,-0.7751094190901962,Immigration,2024-08-30 00:00:00+00:00
7176.0,105933.0,19138.0,132247.0,-0.7467617412871369,Immigration,2024-08-31 00:00:00+00:00
6014.0,99241.0,17512.0,122767.0,-0.7593815927733023,Immigration,2024-09-01 00:00:00+00:00
7485.0,102075.0,19948.0,129508.0,-0.7303795904500108,Immigration,2024-09-02 00:00:00+00:00
6612.0,100698.0,19340.0,126650.0,-0.7428819581523884,Immigration,2024-09-03 00:00:00+00:00
6841.0,95761.0,18640.0,121242.0,-0.7334092146285941,Immigration,2024-09-04 00:00:00+00:00
6722.0,98124.0,13814.0,118660.0,-0.7702848474633406,Immigration,2024-09-05 00:00:00+00:00
8984.0,111339.0,12853.0,133176.0,-0.7685694119060491,Immigration,2024-09-06 00:00:00+00:00
26950.0,146292.0,11216.0,184458.0,-0.6469873900833795,Immigration,2024-09-07 00:00:00+00:00
42176.0,232810.0,17122.0,292108.0,-0.652614786311912,Immigration,2024-09-08 00:00:00+00:00
49906.0,236449.0,21244.0,307599.0,-0.606448655554797,Immigration,2024-09-09 00:00:00+00:00
84990.0,246176.0,22309.0,353475.0,-0.456003960676144,Immigration,2024-09-10 00:00:00+00:00
89032.0,289016.0,24503.0,402551.0,-0.49679171086396506,Immigration,2024-09-11 00:00:00+00:00
107677.0,295966.0,24655.0,428298.0,-0.4396214785032851,Immigration,2024-09-12 00:00:00+00:00
120310.0,294528.0,24566.0,439404.0,-0.3964870597445631,Immigration,2024-09-13 00:00:00+00:00
113038.0,298989.0,23799.0,435826.0,-0.42666339318902496,Immigration,2024-09-14 00:00:00+00:00
106823.0,235173.0,25519.0,367515.0,-0.3492374460906358,Immigration,2024-09-15 00:00:00+00:00
101022.0,224247.0,20972.0,346241.0,-0.3558937272015735,Immigration,2024-09-16 00:00:00+00:00
69402.0,221885.0,20272.0,311559.0,-0.489419339515148,Immigration,2024-09-17 00:00:00+00:00
65594.0,190310.0,18754.0,274658.0,-0.454077434482156,Immigration,2024-09-18 00:00:00+00:00
51248.0,188311.0,19645.0,259204.0,-0.528784278020401,Immigration,2024-09-19 00:00:00+00:00
39460.0,183511.0,19432.0,242403.0,-0.59426244724694,Immigration,2024-09-20 00:00:00+00:00
50695.0,171092.0,21688.0,243475.0,-0.49449430126296334,Immigration,2024-09-21 00:00:00+00:00
50887.0,145359.0,13564.0,209810.0,-0.45027405748057764,Immigration,2024-09-22 00:00:00+00:00
50123.0,129313.0,12510.0,191946.0,-0.4125639502776823,Immigration,2024-09-23 00:00:00+00:00
52240.0,158776.0,12784.0,223800.0,-0.4760321715817694,Immigration,2024-09-24 00:00:00+00:00
64501.0,185102.0,15586.0,265189.0,-0.4547737651260045,Immigration,2024-09-25 00:00:00+00:00
61307.0,215105.0,18356.0,294768.0,-0.5217594854258264,Immigration,2024-09-26 00:00:00+00:00
60283.0,246760.0,21564.0,328607.0,-0.5674772600705402,Immigration,2024-09-27 00:00:00+00:00
38364.0,221864.0,19613.0,279841.0,-0.65572950353951,Immigration,2024-09-28 00:00:00+00:00
69523.0,404259.0,28430.0,502212.0,-0.6665233009167443,Immigration,2024-09-29 00:00:00+00:00
75001.0,448410.0,30147.0,553558.0,-0.6745616538827006,Immigration,2024-09-30 00:00:00+00:00
70890.0,427771.0,29890.0,528551.0,-0.6752063660838784,Immigration,2024-10-01 00:00:00+00:00
58677.0,391514.0,27292.0,477483.0,-0.6970656546934655,Immigration,2024-10-02 00:00:00+00:00
57888.0,355636.0,23370.0,436894.0,-0.6815108470246788,Immigration,2024-10-03 00:00:00+00:00
55664.0,344967.0,25020.0,425651.0,-0.679671843834503,Immigration,2024-10-04 00:00:00+00:00
58147.0,354940.0,25600.0,438687.0,-0.676548427466508,Immigration,2024-10-05 00:00:00+00:00
17305.0,191076.0,16828.0,225209.0,-0.7715988259794235,Immigration,2024-10-06 00:00:00+00:00
11718.0,147897.0,15730.0,175345.0,-0.7766346345775471,Immigration,2024-10-07 00:00:00+00:00
14618.0,138927.0,18183.0,171728.0,-0.7238714711637008,Immigration,2024-10-08 00:00:00+00:00
16264.0,165852.0,19546.0,201662.0,-0.7417758427467743,Immigration,2024-10-09 00:00:00+00:00
17471.0,215249.0,21679.0,254399.0,-0.7774323012275992,Immigration,2024-10-10 00:00:00+00:00
17771.0,293038.0,28429.0,339238.0,-0.8114273754709084,Immigration,2024-10-11 00:00:00+00:00
19974.0,312362.0,29096.0,361432.0,-0.8089709820934505,Immigration,2024-10-12 00:00:00+00:00
69722.0,343329.0,29045.0,442096.0,-0.6188859433245268,Immigration,2024-10-13 00:00:00+00:00
68381.0,383526.0,32682.0,484589.0,-0.6503346134559389,Immigration,2024-10-14 00:00:00+00:00
65370.0,396808.0,29769.0,491947.0,-0.6737270478323885,Immigration,2024-10-15 00:00:00+00:00
64221.0,374348.0,28295.0,466864.0,-0.6642769628842661,Immigration,2024-10-16 00:00:00+00:00
63031.0,340503.0,29722.0,433256.0,-0.6404342928891925,Immigration,2024-10-17 00:00:00+00:00
63119.0,245634.0,19544.0,328297.0,-0.5559447695227188,Immigration,2024-10-18 00:00:00+00:00
67109.0,217989.0,19541.0,304639.0,-0.49527473501422997,Immigration,2024-10-19 00:00:00+00:00
17719.0,193197.0,23549.0,234465.0,-0.7484187405369671,Immigration,2024-10-20 00:00:00+00:00
17751.0,213572.0,18993.0,250316.0,-0.7822951788938781,Immigration,2024-10-21 00:00:00+00:00
19467.0,238864.0,25449.0,283780.0,-0.7731235464091902,Immigration,2024-10-22 00:00:00+00:00
20861.0,256889.0,24940.0,302690.0,-0.7797680795533384,Immigration,2024-10-23 00:00:00+00:00
26214.0,247928.0,25146.0,299288.0,-0.7408048434952287,Immigration,2024-10-24 00:00:00+00:00
30310.0,248192.0,27582.0,306084.0,-0.7118372734282092,Immigration,2024-10-25 00:00:00+00:00
29954.0,282242.0,44522.0,356718.0,-0.7072477419137806,Immigration,2024-10-26 00:00:00+00:00
30774.0,280811.0,40847.0,352432.0,-0.7094616833885685,Immigration,2024-10-27 00:00:00+00:00
38656.0,217819.0,43128.0,299603.0,-0.5980013551266176,Immigration,2024-10-28 00:00:00+00:00
39239.0,169221.0,37183.0,245643.0,-0.5291500266647126,Immigration,2024-10-29 00:00:00+00:00
38673.0,136125.0,36772.0,211570.0,-0.46061350853145533,Immigration,2024-10-30 00:00:00+00:00
32795.0,122807.0,32264.0,187866.0,-0.4791287406981572,Immigration,2024-10-31 00:00:00+00:00
28110.0,105260.0,27636.0,161006.0,-0.47917468914201955,Immigration,2024-11-01 00:00:00+00:00
19531.0,58351.0,8537.0,86419.0,-0.4492067716590102,Immigration,2024-11-02 00:00:00+00:00
17533.0,21704.0,6608.0,45845.0,-0.09098047769658632,Immigration,2024-11-03 00:00:00+00:00
7492.0,13246.0,2295.0,23033.0,-0.249815482134329,Immigration,2024-11-04 00:00:00+00:00
1912.0,2441.0,276.0,4629.0,-0.11427954201771441,Immigration,2024-11-05 00:00:00+00:00
0.0,0.0,0.0,0.0,,Immigration,2024-11-06 00:00:00+00:00
0.0,0.0,0.0,0.0,,Immigration,2024-11-07 00:00:00+00:00
0.0,0.0,0.0,0.0,,Immigration,2024-11-08 00:00:00+00:00
0.0,0.0,0.0,0.0,,Immigration,2024-11-09 00:00:00+00:00
0.0,0.0,0.0,0.0,,Immigration,2024-11-10 00:00:00+00:00
0.0,0.0,0.0,0.0,,Immigration,2024-11-11 00:00:00+00:00
0.0,0.0,0.0,0.0,,Immigration,2024-11-12 00:00:00+00:00
0.0,0.0,0.0,0.0,,Immigration,2024-11-13 00:00:00+00:00
0.0,0.0,0.0,0.0,,Immigration,2024-11-14 00:00:00+00:00
0.0,0.0,0.0,0.0,,Immigration,2024-11-15 00:00:00+00:00
0.0,0.0,0.0,0.0,,Immigration,2024-11-16 00:00:00+00:00
0.0,0.0,0.0,0.0,,Immigration,2024-11-17 00:00:00+00:00
0.0,0.0,0.0,0.0,,Immigration,2024-11-18 00:00:00+00:00
0.0,0.0,0.0,0.0,,Immigration,2024-11-19 00:00:00+00:00
0.0,0.0,0.0,0.0,,Immigration,2024-11-20 00:00:00+00:00
0.0,0.0,0.0,0.0,,Immigration,2024-11-21 00:00:00+00:00
0.0,0.0,0.0,0.0,,Immigration,2024-11-22 00:00:00+00:00
0.0,0.0,0.0,0.0,,Immigration,2024-11-23 00:00:00+00:00
0.0,0.0,0.0,0.0,,Immigration,2024-11-24 00:00:00+00:00
132218.0,397611.0,109680.0,639509.0,-0.41499494143162957,Wokeness,2024-08-01 00:00:00+00:00
143352.0,486107.0,157745.0,787204.0,-0.4354081026011047,Wokeness,2024-08-02 00:00:00+00:00
221394.0,657937.0,206915.0,1086246.0,-0.40188226239728386,Wokeness,2024-08-03 00:00:00+00:00
251476.0,800025.0,268480.0,1319981.0,-0.4155734059808437,Wokeness,2024-08-04 00:00:00+00:00
228397.0,755845.0,283329.0,1267571.0,-0.41610923569567304,Wokeness,2024-08-05 00:00:00+00:00
198980.0,744781.0,363913.0,1307674.0,-0.41738307865721885,Wokeness,2024-08-06 00:00:00+00:00
207794.0,714649.0,378761.0,1301204.0,-0.38952769896188455,Wokeness,2024-08-07 00:00:00+00:00
210022.0,734343.0,386412.0,1330777.0,-0.39399613909768505,Wokeness,2024-08-08 00:00:00+00:00
227155.0,747236.0,370118.0,1344509.0,-0.38681853375470154,Wokeness,2024-08-09 00:00:00+00:00
159993.0,682342.0,364435.0,1206770.0,-0.4328488444359737,Wokeness,2024-08-10 00:00:00+00:00
157865.0,658653.0,322772.0,1139290.0,-0.4395614812734247,Wokeness,2024-08-11 00:00:00+00:00
130270.0,623820.0,300005.0,1054095.0,-0.46822155498318463,Wokeness,2024-08-12 00:00:00+00:00
148914.0,596159.0,210169.0,955242.0,-0.4682007281924371,Wokeness,2024-08-13 00:00:00+00:00
135071.0,616560.0,198892.0,950523.0,-0.5065516562986903,Wokeness,2024-08-14 00:00:00+00:00
122326.0,710040.0,177715.0,1010081.0,-0.5818483864165349,Wokeness,2024-08-15 00:00:00+00:00
105905.0,662738.0,180028.0,948671.0,-0.5869611277249963,Wokeness,2024-08-16 00:00:00+00:00
173984.0,689576.0,241150.0,1104710.0,-0.4667215830398928,Wokeness,2024-08-17 00:00:00+00:00
255399.0,689315.0,285198.0,1229912.0,-0.3528024769251784,Wokeness,2024-08-18 00:00:00+00:00
486266.0,886857.0,371034.0,1744157.0,-0.2296759982042901,Wokeness,2024-08-19 00:00:00+00:00
591111.0,1120363.0,417547.0,2129021.0,-0.24858937511654416,Wokeness,2024-08-20 00:00:00+00:00
652110.0,1185021.0,478869.0,2316000.0,-0.2300997409326425,Wokeness,2024-08-21 00:00:00+00:00
657950.0,1117504.0,500542.0,2275996.0,-0.20191336012892816,Wokeness,2024-08-22 00:00:00+00:00
674067.0,1206227.0,494340.0,2374634.0,-0.2241019037038971,Wokeness,2024-08-23 00:00:00+00:00
617784.0,1158540.0,437390.0,2213714.0,-0.24427545744391552,Wokeness,2024-08-24 00:00:00+00:00
517147.0,1139457.0,390156.0,2046760.0,-0.3040463952783912,Wokeness,2024-08-25 00:00:00+00:00
299865.0,1006371.0,298771.0,1605007.0,-0.44018873437935163,Wokeness,2024-08-26 00:00:00+00:00
176398.0,761434.0,260194.0,1198026.0,-0.48833330829214056,Wokeness,2024-08-27 00:00:00+00:00
151597.0,672241.0,193331.0,1017169.0,-0.5118559452755639,Wokeness,2024-08-28 00:00:00+00:00
141332.0,619718.0,169291.0,930341.0,-0.5142050065513613,Wokeness,2024-08-29 00:00:00+00:00
117743.0,600494.0,165164.0,883401.0,-0.5464687044728271,Wokeness,2024-08-30 00:00:00+00:00
111505.0,574854.0,131716.0,818075.0,-0.5663893897258809,Wokeness,2024-08-31 00:00:00+00:00
121997.0,567285.0,127245.0,816527.0,-0.5453438771773622,Wokeness,2024-09-01 00:00:00+00:00
129528.0,519699.0,129892.0,779119.0,-0.5007848608492412,Wokeness,2024-09-02 00:00:00+00:00
131013.0,534570.0,113927.0,779510.0,-0.5177059947915998,Wokeness,2024-09-03 00:00:00+00:00
113302.0,530910.0,104261.0,748473.0,-0.557946646038,Wokeness,2024-09-04 00:00:00+00:00
114543.0,537737.0,133075.0,785355.0,-0.5388569500417009,Wokeness,2024-09-05 00:00:00+00:00
120160.0,536037.0,150035.0,806232.0,-0.5158279502674168,Wokeness,2024-09-06 00:00:00+00:00
117721.0,582214.0,161099.0,861034.0,-0.5394595335375839,Wokeness,2024-09-07 00:00:00+00:00
286704.0,660991.0,218106.0,1165801.0,-0.3210556518651125,Wokeness,2024-09-08 00:00:00+00:00
299046.0,715401.0,217572.0,1232019.0,-0.3379452751946196,Wokeness,2024-09-09 00:00:00+00:00
302650.0,725191.0,227132.0,1254973.0,-0.33669329937775555,Wokeness,2024-09-10 00:00:00+00:00
284794.0,746055.0,237397.0,1268246.0,-0.3636999446479626,Wokeness,2024-09-11 00:00:00+00:00
295530.0,709375.0,222368.0,1227273.0,-0.33720696210215656,Wokeness,2024-09-12 00:00:00+00:00
305853.0,688757.0,208415.0,1203025.0,-0.31828432493090336,Wokeness,2024-09-13 00:00:00+00:00
300084.0,667910.0,200484.0,1168478.0,-0.3147906935346665,Wokeness,2024-09-14 00:00:00+00:00
135397.0,564577.0,148672.0,848646.0,-0.5057232344228335,Wokeness,2024-09-15 00:00:00+00:00
148749.0,561630.0,146195.0,856574.0,-0.4820143968880681,Wokeness,2024-09-16 00:00:00+00:00
149233.0,544019.0,137787.0,831039.0,-0.47505111071802886,Wokeness,2024-09-17 00:00:00+00:00
146897.0,624820.0,133975.0,905692.0,-0.5276882207196265,Wokeness,2024-09-18 00:00:00+00:00
143982.0,638461.0,121794.0,904237.0,-0.5468466784703567,Wokeness,2024-09-19 00:00:00+00:00
129866.0,599354.0,123913.0,853133.0,-0.5503104439753239,Wokeness,2024-09-20 00:00:00+00:00
130041.0,574805.0,123932.0,828778.0,-0.5366503454483589,Wokeness,2024-09-21 00:00:00+00:00
119477.0,579291.0,130170.0,828938.0,-0.5547025229872439,Wokeness,2024-09-22 00:00:00+00:00
87982.0,521198.0,148670.0,757850.0,-0.5716381869763145,Wokeness,2024-09-23 00:00:00+00:00
81421.0,490735.0,159140.0,731296.0,-0.5597104318907802,Wokeness,2024-09-24 00:00:00+00:00
86640.0,389428.0,174426.0,650494.0,-0.4654739321192817,Wokeness,2024-09-25 00:00:00+00:00
78322.0,401815.0,184818.0,664955.0,-0.4864885593761984,Wokeness,2024-09-26 00:00:00+00:00
75333.0,386558.0,178241.0,640132.0,-0.4861887860628745,Wokeness,2024-09-27 00:00:00+00:00
74609.0,369266.0,181386.0,625261.0,-0.4712544041608224,Wokeness,2024-09-28 00:00:00+00:00
69483.0,459815.0,205349.0,734647.0,-0.5313191233340638,Wokeness,2024-09-29 00:00:00+00:00
55491.0,459773.0,184935.0,700199.0,-0.577381572952832,Wokeness,2024-09-30 00:00:00+00:00
47916.0,455610.0,221712.0,725238.0,-0.5621520107881827,Wokeness,2024-10-01 00:00:00+00:00
45532.0,478122.0,198060.0,721714.0,-0.5993925571625325,Wokeness,2024-10-02 00:00:00+00:00
53598.0,471051.0,219853.0,744502.0,-0.5607144104381183,Wokeness,2024-10-03 00:00:00+00:00
74108.0,471383.0,213900.0,759391.0,-0.5231494710893334,Wokeness,2024-10-04 00:00:00+00:00
74648.0,459579.0,243416.0,777643.0,-0.49499706163368024,Wokeness,2024-10-05 00:00:00+00:00
98182.0,375651.0,235086.0,708919.0,-0.39139732465909366,Wokeness,2024-10-06 00:00:00+00:00
91983.0,346252.0,241928.0,680163.0,-0.3738353894581152,Wokeness,2024-10-07 00:00:00+00:00
103280.0,371813.0,254962.0,730055.0,-0.36782571176144263,Wokeness,2024-10-08 00:00:00+00:00
113958.0,425229.0,263690.0,802877.0,-0.38769450364128005,Wokeness,2024-10-09 00:00:00+00:00
107462.0,415194.0,240444.0,763100.0,-0.40326562704756913,Wokeness,2024-10-10 00:00:00+00:00
139434.0,498745.0,249895.0,888074.0,-0.4045957881888221,Wokeness,2024-10-11 00:00:00+00:00
191549.0,575174.0,255470.0,1022193.0,-0.3752960546589538,Wokeness,2024-10-12 00:00:00+00:00
178823.0,616813.0,248189.0,1043825.0,-0.4196009867554427,Wokeness,2024-10-13 00:00:00+00:00
208858.0,672921.0,243109.0,1124888.0,-0.4125415152441843,Wokeness,2024-10-14 00:00:00+00:00
201381.0,712421.0,195480.0,1109282.0,-0.4606943951132354,Wokeness,2024-10-15 00:00:00+00:00
193167.0,643292.0,208704.0,1045163.0,-0.43067444982265923,Wokeness,2024-10-16 00:00:00+00:00
220424.0,642281.0,196830.0,1059535.0,-0.3981529633282525,Wokeness,2024-10-17 00:00:00+00:00
218039.0,610212.0,204517.0,1032768.0,-0.37973000712647953,Wokeness,2024-10-18 00:00:00+00:00
165619.0,602750.0,488729.0,1257098.0,-0.34773024855659623,Wokeness,2024-10-19 00:00:00+00:00
181147.0,735941.0,514032.0,1431120.0,-0.3876642070546146,Wokeness,2024-10-20 00:00:00+00:00
161228.0,784815.0,527317.0,1473360.0,-0.4232414345441711,Wokeness,2024-10-21 00:00:00+00:00
211943.0,842472.0,539854.0,1594269.0,-0.39549724670052544,Wokeness,2024-10-22 00:00:00+00:00
214877.0,860899.0,555139.0,1630915.0,-0.396110159021163,Wokeness,2024-10-23 00:00:00+00:00
205170.0,914959.0,585424.0,1705553.0,-0.4161635551636331,Wokeness,2024-10-24 00:00:00+00:00
215841.0,937524.0,622808.0,1776173.0,-0.4063134615828526,Wokeness,2024-10-25 00:00:00+00:00
260798.0,977939.0,341175.0,1579912.0,-0.453911990034888,Wokeness,2024-10-26 00:00:00+00:00
262210.0,838390.0,402982.0,1503582.0,-0.38320490668284135,Wokeness,2024-10-27 00:00:00+00:00
278124.0,793990.0,398731.0,1470845.0,-0.3507276429535403,Wokeness,2024-10-28 00:00:00+00:00
233525.0,712190.0,394400.0,1340115.0,-0.3571820328852375,Wokeness,2024-10-29 00:00:00+00:00
231514.0,655585.0,357145.0,1244244.0,-0.34082623665454687,Wokeness,2024-10-30 00:00:00+00:00
208148.0,564291.0,321992.0,1094431.0,-0.32541384518530636,Wokeness,2024-10-31 00:00:00+00:00
144171.0,443008.0,251119.0,838298.0,-0.3564806309927973,Wokeness,2024-11-01 00:00:00+00:00
91298.0,301494.0,192941.0,585733.0,-0.35885975350543675,Wokeness,2024-11-02 00:00:00+00:00
55720.0,188176.0,73801.0,317697.0,-0.4169255611478862,Wokeness,2024-11-03 00:00:00+00:00
25121.0,98034.0,42650.0,165805.0,-0.4397515153342782,Wokeness,2024-11-04 00:00:00+00:00
8340.0,13380.0,5812.0,27532.0,-0.18305971233473775,Wokeness,2024-11-05 00:00:00+00:00
0.0,0.0,0.0,0.0,,Wokeness,2024-11-06 00:00:00+00:00
0.0,0.0,0.0,0.0,,Wokeness,2024-11-07 00:00:00+00:00
0.0,0.0,0.0,0.0,,Wokeness,2024-11-08 00:00:00+00:00
0.0,0.0,0.0,0.0,,Wokeness,2024-11-09 00:00:00+00:00
0.0,0.0,0.0,0.0,,Wokeness,2024-11-10 00:00:00+00:00
0.0,0.0,0.0,0.0,,Wokeness,2024-11-11 00:00:00+00:00
0.0,0.0,0.0,0.0,,Wokeness,2024-11-12 00:00:00+00:00
0.0,0.0,0.0,0.0,,Wokeness,2024-11-13 00:00:00+00:00
0.0,0.0,0.0,0.0,,Wokeness,2024-11-14 00:00:00+00:00
0.0,0.0,0.0,0.0,,Wokeness,2024-11-15 00:00:00+00:00
0.0,0.0,0.0,0.0,,Wokeness,2024-11-16 00:00:00+00:00
0.0,0.0,0.0,0.0,,Wokeness,2024-11-17 00:00:00+00:00
0.0,0.0,0.0,0.0,,Wokeness,2024-11-18 00:00:00+00:00
0.0,0.0,0.0,0.0,,Wokeness,2024-11-19 00:00:00+00:00
0.0,0.0,0.0,0.0,,Wokeness,2024-11-20 00:00:00+00:00
0.0,0.0,0.0,0.0,,Wokeness,2024-11-21 00:00:00+00:00
0.0,0.0,0.0,0.0,,Wokeness,2024-11-22 00:00:00+00:00
0.0,0.0,0.0,0.0,,Wokeness,2024-11-23 00:00:00+00:00
0.0,0.0,0.0,0.0,,Wokeness,2024-11-24 00:00:00+00:00
