layer_key,layer_label,topic_i,topic_j,rho,p,lag
left,Joe Biden,National security and foreign policy,Wokeness,0.16137363520559972,0.29533304124869875,0
left,Joe Biden,National security and foreign policy,Democratic concerns,0.5679249993076109,5.797420912870502e-05,0
left,Joe Biden,National security and foreign policy,Economy,0.43329964549656813,0.0033027997194635473,0
left,Joe Biden,National security and foreign policy,Guns control,0.34604324882420473,0.02139696949789464,0
left,Joe Biden,National security and foreign policy,Abortion,0.09573980007399431,0.5364394334750957,0
left,Joe Biden,National security and foreign policy,Immigration,0.41179240065433625,0.0054814573365887425,0
left,Joe Biden,National security and foreign policy,Healthcare,0.31853859313246463,0.035086659364589066,0
left,Joe Biden,Wokeness,Democratic concerns,0.3358512130599064,0.025825079118696893,0
left,Joe Biden,Wokeness,Economy,-0.0013757584617454166,0.9929284180716723,0
left,Joe Biden,Wokeness,Guns control,0.10332692953979042,0.5044834610868684,0
left,Joe Biden,Wokeness,Abortion,0.2876520865009224,0.05830839317226489,0
left,Joe Biden,Wokeness,Immigration,-0.10821564761883858,0.4844182715222943,0
left,Joe Biden,Wokeness,Healthcare,0.1807441558325163,0.24035237729004816,0
left,Joe Biden,Democratic concerns,Economy,0.6750539380431914,5.010987177203046e-07,0
left,Joe Biden,Democratic concerns,Guns control,0.26056152254622683,0.08758797112261699,0
left,Joe Biden,Democratic concerns,Abortion,0.26813783774579125,0.07844066176875318,0
left,Joe Biden,Democratic concerns,Immigration,0.11424230184258259,0.46026860796625213,0
left,Joe Biden,Democratic concerns,Healthcare,0.5819575893735057,3.4197330514249465e-05,0
left,Joe Biden,Economy,Guns control,-0.13454094316519502,0.38390701411787054,0
left,Joe Biden,Economy,Abortion,0.3676943994142415,0.01406917841269474,0
left,Joe Biden,Economy,Immigration,0.3552310681257999,0.017969163909652613,0
left,Joe Biden,Economy,Healthcare,0.41941399676724955,0.004597634132784894,0
left,Joe Biden,Guns control,Abortion,0.007008480147710938,0.9639868164006227,0
left,Joe Biden,Guns control,Immigration,0.1345959313514667,0.3837108959557019,0
left,Joe Biden,Guns control,Healthcare,-0.18329733372276008,0.23366262280913205,0
left,Joe Biden,Abortion,Immigration,0.4648162412747054,0.0014787283959049261,0
left,Joe Biden,Abortion,Healthcare,0.12327407754826165,0.4253262583938054,0
left,Joe Biden,Immigration,Healthcare,0.12126413802464596,0.4329704126845197,0
mid,Public Reaction,National security and foreign policy,Wokeness,0.5971412488440352,3.7336372708113043e-16,0
mid,Public Reaction,National security and foreign policy,Democratic concerns,0.4328200179593367,2.3028662924016e-08,0
mid,Public Reaction,National security and foreign policy,Economy,0.5730971814563145,9.83479873892612e-15,0
mid,Public Reaction,National security and foreign policy,Guns control,0.27437577901974186,0.0005988874083228444,0
mid,Public Reaction,National security and foreign policy,Abortion,0.21680203181751168,0.007106878897020563,0
mid,Public Reaction,National security and foreign policy,Immigration,0.29356814496133377,0.00023055353774762528,0
mid,Public Reaction,National security and foreign policy,Healthcare,0.5034645437122217,3.285098863525535e-11,0
mid,Public Reaction,Wokeness,Democratic concerns,0.35164783616795997,8.304920116649227e-06,0
mid,Public Reaction,Wokeness,Economy,0.5842346507981182,2.2348435642425957e-15,0
mid,Public Reaction,Wokeness,Guns control,0.026178413949311776,0.7480522685166587,0
mid,Public Reaction,Wokeness,Abortion,0.08076675646335087,0.3209735620448824,0
mid,Public Reaction,Wokeness,Immigration,0.07591840563976786,0.35097246543091287,0
mid,Public Reaction,Wokeness,Healthcare,0.3848826611984506,9.002825674807367e-07,0
mid,Public Reaction,Democratic concerns,Economy,0.4735032769088496,6.352792296521276e-10,0
mid,Public Reaction,Democratic concerns,Guns control,0.289487086700709,0.0002840575635061048,0
mid,Public Reaction,Democratic concerns,Abortion,0.12619449693753096,0.120098703101063,0
mid,Public Reaction,Democratic concerns,Immigration,0.19545856620160024,0.015466666428801306,0
mid,Public Reaction,Democratic concerns,Healthcare,0.3008590996207095,0.00015756273034562158,0
mid,Public Reaction,Economy,Guns control,0.1839994370954123,0.022800705801955312,0
mid,Public Reaction,Economy,Abortion,0.07521142428263171,0.355489352749739,0
mid,Public Reaction,Economy,Immigration,0.44086486269148806,1.1747137344453986e-08,0
mid,Public Reaction,Economy,Healthcare,0.4709098950585018,8.101730465872191e-10,0
mid,Public Reaction,Guns control,Abortion,-0.15178990256389635,0.061067276044091685,0
mid,Public Reaction,Guns control,Immigration,-0.09929904976344604,0.22200675540171014,0
mid,Public Reaction,Guns control,Healthcare,0.3405807298996153,1.649586261499795e-05,0
mid,Public Reaction,Abortion,Immigration,0.07079530376743998,0.3845190630176594,0
mid,Public Reaction,Abortion,Healthcare,0.06411081178883035,0.4310980519298522,0
mid,Public Reaction,Immigration,Healthcare,0.05203851875678501,0.5229300986869576,0
right,Donald Trump,National security and foreign policy,Wokeness,0.7218408279342203,1.589764273945534e-22,0
right,Donald Trump,National security and foreign policy,Democratic concerns,0.780026905498312,3.0316537879455226e-28,0
right,Donald Trump,National security and foreign policy,Economy,0.8136985551499392,2.0081341420048501e-32,0
right,Donald Trump,National security and foreign policy,Guns control,0.8004315558084448,1.1077313265771975e-30,0
right,Donald Trump,National security and foreign policy,Abortion,0.5459515031528785,1.2850544647237017e-11,0
right,Donald Trump,National security and foreign policy,Immigration,0.7046556700929628,4.174705439571339e-21,0
right,Donald Trump,National security and foreign policy,Healthcare,0.4511566341955526,5.6667471640785925e-08,0
right,Donald Trump,Wokeness,Democratic concerns,0.9316336450533227,5.299757531125081e-59,0
right,Donald Trump,Wokeness,Economy,0.7414819751633855,2.7734234569389063e-24,0
right,Donald Trump,Wokeness,Guns control,0.8671368740315163,3.570319744074972e-41,0
right,Donald Trump,Wokeness,Abortion,0.7075524037964748,2.4467402607264127e-21,0
right,Donald Trump,Wokeness,Immigration,0.6598106282563343,7.694818767035095e-18,0
right,Donald Trump,Wokeness,Healthcare,0.3014754815426593,0.0004433412282225471,0
right,Donald Trump,Democratic concerns,Economy,0.7845060778208661,9.320800976434064e-29,0
right,Donald Trump,Democratic concerns,Guns control,0.8968024533088818,7.089003057136545e-48,0
right,Donald Trump,Democratic concerns,Abortion,0.6576462761890473,1.070962138308237e-17,0
right,Donald Trump,Democratic concerns,Immigration,0.6933983806338881,3.1358063582377154e-20,0
right,Donald Trump,Democratic concerns,Healthcare,0.2738030463603411,0.0014892384526041537,0
right,Donald Trump,Economy,Guns control,0.827044677693826,2.538040330983404e-34,0
right,Donald Trump,Economy,Abortion,0.6988947747353889,1.1853611816894427e-20,0
right,Donald Trump,Economy,Immigration,0.7189270665318676,2.814463247675389e-22,0
right,Donald Trump,Economy,Healthcare,0.5518383261453427,6.9723649510604314e-12,0
right,Donald Trump,Guns control,Abortion,0.7766562838125894,7.232374289705931e-28,0
right,Donald Trump,Guns control,Immigration,0.6908696435015774,4.8704660593515064e-20,0
right,Donald Trump,Guns control,Healthcare,0.4975412354319475,1.2851798064265701e-09,0
right,Donald Trump,Abortion,Immigration,0.5989844526064955,3.2837931730182284e-14,0
right,Donald Trump,Abortion,Healthcare,0.5966470196183441,4.3729443003770755e-14,0
right,Donald Trump,Immigration,Healthcare,0.36934382610471783,1.3113916055492395e-05,0
