pair_key,pair_label,left_layer,right_layer,left_topic,right_topic,topic_a,topic_b,rho,p,lag,n,selected_from,is_significant,from_side,to_side,from_label,to_label,from_layer,to_layer,from_topic,to_topic
left_mid,Left–Mid,Kamala Harris,Public Reaction,Immigration,Immigration,Immigration,Immigration,0.2978688254864488,0.009445436530323262,-9,75,significant,True,A,B,Kamala Harris,Public Reaction,Kamala Harris,Public Reaction,Immigration,Immigration
left_mid,Left–Mid,Kamala Harris,Public Reaction,Immigration,Wokeness,Immigration,Wokeness,-0.35164221027124604,0.008473161110788177,14,55,significant,True,B,A,Public Reaction,Kamala Harris,Public Reaction,Kamala Harris,Wokeness,Immigration
left_mid,Left–Mid,Kamala Harris,Public Reaction,Immigration,Democratic concerns,Immigration,Democratic concerns,0.4875290459316798,4.505917976427845e-06,-4,80,significant,True,A,B,Kamala Harris,Public Reaction,Kamala Harris,Public Reaction,Immigration,Democratic concerns
left_mid,Left–Mid,Kamala Harris,Public Reaction,Immigration,Economy,Immigration,Economy,-0.15544484335868758,0.20908790179140263,8,67,fallback_all_lags,False,B,A,Public Reaction,Kamala Harris,Public Reaction,Kamala Harris,Economy,Immigration
left_mid,Left–Mid,Kamala Harris,Public Reaction,Immigration,Abortion,Immigration,Abortion,0.33097015199214774,0.01358100814570276,14,55,significant,True,B,A,Public Reaction,Kamala Harris,Public Reaction,Kamala Harris,Abortion,Immigration
left_mid,Left–Mid,Kamala Harris,Public Reaction,Immigration,National security and foreign policy,Immigration,National security and foreign policy,-0.12177618501976917,0.34983373266375445,11,61,fallback_all_lags,False,B,A,Public Reaction,Kamala Harris,Public Reaction,Kamala Harris,National security and foreign policy,Immigration
left_mid,Left–Mid,Kamala Harris,Public Reaction,Immigration,Healthcare,Immigration,Healthcare,0.32347607832529435,0.015995428598784528,14,55,significant,True,B,A,Public Reaction,Kamala Harris,Public Reaction,Kamala Harris,Healthcare,Immigration
left_mid,Left–Mid,Kamala Harris,Public Reaction,Immigration,Guns control,Immigration,Guns control,-0.30097338067523827,0.011972235186345203,7,69,significant,True,B,A,Public Reaction,Kamala Harris,Public Reaction,Kamala Harris,Guns control,Immigration
left_mid,Left–Mid,Kamala Harris,Public Reaction,Wokeness,Immigration,Wokeness,Immigration,0.5365412050577407,1.4140744981727557e-06,6,71,significant,True,B,A,Public Reaction,Kamala Harris,Public Reaction,Kamala Harris,Immigration,Wokeness
left_mid,Left–Mid,Kamala Harris,Public Reaction,Wokeness,Wokeness,Wokeness,Wokeness,0.16977705796747186,0.16958848682143945,8,67,fallback_all_lags,False,B,A,Public Reaction,Kamala Harris,Public Reaction,Kamala Harris,Wokeness,Wokeness
left_mid,Left–Mid,Kamala Harris,Public Reaction,Wokeness,Democratic concerns,Wokeness,Democratic concerns,0.4292201156620985,8.811986197349502e-05,1,78,significant,True,B,A,Public Reaction,Kamala Harris,Public Reaction,Kamala Harris,Democratic concerns,Wokeness
left_mid,Left–Mid,Kamala Harris,Public Reaction,Wokeness,Economy,Wokeness,Economy,-0.26793198873998214,0.016267879188883057,-4,80,significant,True,A,B,Kamala Harris,Public Reaction,Kamala Harris,Public Reaction,Wokeness,Economy
left_mid,Left–Mid,Kamala Harris,Public Reaction,Wokeness,Abortion,Wokeness,Abortion,-0.25565787838291537,0.02208721478496744,-4,80,significant,True,A,B,Kamala Harris,Public Reaction,Kamala Harris,Public Reaction,Wokeness,Abortion
left_mid,Left–Mid,Kamala Harris,Public Reaction,Wokeness,National security and foreign policy,Wokeness,National security and foreign policy,-0.16864379682559508,0.1938652156011454,11,61,fallback_all_lags,False,B,A,Public Reaction,Kamala Harris,Public Reaction,Kamala Harris,National security and foreign policy,Wokeness
left_mid,Left–Mid,Kamala Harris,Public Reaction,Wokeness,Healthcare,Wokeness,Healthcare,0.6054930551967096,9.704596159267777e-07,14,55,significant,True,B,A,Public Reaction,Kamala Harris,Public Reaction,Kamala Harris,Healthcare,Wokeness
left_mid,Left–Mid,Kamala Harris,Public Reaction,Wokeness,Guns control,Wokeness,Guns control,-0.6438339453773713,1.1783435088072183e-10,-4,80,significant,True,A,B,Kamala Harris,Public Reaction,Kamala Harris,Public Reaction,Wokeness,Guns control
left_mid,Left–Mid,Kamala Harris,Public Reaction,Democratic concerns,Immigration,Democratic concerns,Immigration,0.33323199843557283,0.008683987948708307,11,61,significant,True,B,A,Public Reaction,Kamala Harris,Public Reaction,Kamala Harris,Immigration,Democratic concerns
left_mid,Left–Mid,Kamala Harris,Public Reaction,Democratic concerns,Wokeness,Democratic concerns,Wokeness,0.4302222538775083,0.00016200251078244242,-12,72,significant,True,A,B,Kamala Harris,Public Reaction,Kamala Harris,Public Reaction,Democratic concerns,Wokeness
left_mid,Left–Mid,Kamala Harris,Public Reaction,Democratic concerns,Democratic concerns,Democratic concerns,Democratic concerns,0.7660606747387575,1.243768343647316e-16,-4,80,significant,True,A,B,Kamala Harris,Public Reaction,Kamala Harris,Public Reaction,Democratic concerns,Democratic concerns
left_mid,Left–Mid,Kamala Harris,Public Reaction,Democratic concerns,Economy,Democratic concerns,Economy,-0.1517736499693115,0.2274698205686451,9,65,fallback_all_lags,False,B,A,Public Reaction,Kamala Harris,Public Reaction,Kamala Harris,Economy,Democratic concerns
left_mid,Left–Mid,Kamala Harris,Public Reaction,Democratic concerns,Abortion,Democratic concerns,Abortion,-0.2775033136779131,0.01390174380838942,1,78,significant,True,B,A,Public Reaction,Kamala Harris,Public Reaction,Kamala Harris,Abortion,Democratic concerns
left_mid,Left–Mid,Kamala Harris,Public Reaction,Democratic concerns,National security and foreign policy,Democratic concerns,National security and foreign policy,0.07542344950298507,0.517274511209811,-8,76,fallback_all_lags,False,A,B,Kamala Harris,Public Reaction,Kamala Harris,Public Reaction,Democratic concerns,National security and foreign policy
left_mid,Left–Mid,Kamala Harris,Public Reaction,Democratic concerns,Healthcare,Democratic concerns,Healthcare,0.49027806083216585,0.00014488995428683647,14,55,significant,True,B,A,Public Reaction,Kamala Harris,Public Reaction,Kamala Harris,Healthcare,Democratic concerns
left_mid,Left–Mid,Kamala Harris,Public Reaction,Democratic concerns,Guns control,Democratic concerns,Guns control,-0.3645132254349379,0.0024245901414312945,8,67,significant,True,B,A,Public Reaction,Kamala Harris,Public Reaction,Kamala Harris,Guns control,Democratic concerns
left_mid,Left–Mid,Kamala Harris,Public Reaction,Economy,Immigration,Economy,Immigration,0.1407098749499925,0.3055176701569963,14,55,fallback_all_lags,False,B,A,Public Reaction,Kamala Harris,Public Reaction,Kamala Harris,Immigration,Economy
left_mid,Left–Mid,Kamala Harris,Public Reaction,Economy,Wokeness,Economy,Wokeness,-0.4618632930520657,0.00038588411978381895,14,55,significant,True,B,A,Public Reaction,Kamala Harris,Public Reaction,Kamala Harris,Wokeness,Economy
left_mid,Left–Mid,Kamala Harris,Public Reaction,Economy,Democratic concerns,Economy,Democratic concerns,0.4902617055825563,3.90930490685789e-06,-4,80,significant,True,A,B,Kamala Harris,Public Reaction,Kamala Harris,Public Reaction,Economy,Democratic concerns
left_mid,Left–Mid,Kamala Harris,Public Reaction,Economy,Economy,Economy,Economy,0.21304260758489543,0.07660435469232181,-14,70,fallback_all_lags,False,A,B,Kamala Harris,Public Reaction,Kamala Harris,Public Reaction,Economy,Economy
left_mid,Left–Mid,Kamala Harris,Public Reaction,Economy,Abortion,Economy,Abortion,0.15702197125094058,0.25225979724264314,14,55,fallback_all_lags,False,B,A,Public Reaction,Kamala Harris,Public Reaction,Kamala Harris,Abortion,Economy
left_mid,Left–Mid,Kamala Harris,Public Reaction,Economy,National security and foreign policy,Economy,National security and foreign policy,-0.5439109428319383,5.886824293023618e-06,11,61,significant,True,B,A,Public Reaction,Kamala Harris,Public Reaction,Kamala Harris,National security and foreign policy,Economy
left_mid,Left–Mid,Kamala Harris,Public Reaction,Economy,Healthcare,Economy,Healthcare,0.25402301727097154,0.05220790419726812,12,59,fallback_all_lags,False,B,A,Public Reaction,Kamala Harris,Public Reaction,Kamala Harris,Healthcare,Economy
left_mid,Left–Mid,Kamala Harris,Public Reaction,Economy,Guns control,Economy,Guns control,-0.4370424687189931,5.049548276500102e-05,-4,80,significant,True,A,B,Kamala Harris,Public Reaction,Kamala Harris,Public Reaction,Economy,Guns control
left_mid,Left–Mid,Kamala Harris,Public Reaction,Abortion,Immigration,Abortion,Immigration,0.07285718158676542,0.5459686351908446,6,71,fallback_all_lags,False,B,A,Public Reaction,Kamala Harris,Public Reaction,Kamala Harris,Immigration,Abortion
left_mid,Left–Mid,Kamala Harris,Public Reaction,Abortion,Wokeness,Abortion,Wokeness,-0.23342598107704124,0.08631697894508808,14,55,fallback_all_lags,False,B,A,Public Reaction,Kamala Harris,Public Reaction,Kamala Harris,Wokeness,Abortion
left_mid,Left–Mid,Kamala Harris,Public Reaction,Abortion,Democratic concerns,Abortion,Democratic concerns,0.4514964393376271,2.6274735680922312e-05,-4,80,significant,True,A,B,Kamala Harris,Public Reaction,Kamala Harris,Public Reaction,Abortion,Democratic concerns
left_mid,Left–Mid,Kamala Harris,Public Reaction,Abortion,Economy,Abortion,Economy,-0.19245513435648917,0.0872090169896988,-4,80,fallback_all_lags,False,A,B,Kamala Harris,Public Reaction,Kamala Harris,Public Reaction,Abortion,Economy
left_mid,Left–Mid,Kamala Harris,Public Reaction,Abortion,Abortion,Abortion,Abortion,-0.35368041685662904,0.0012894274986326208,-4,80,significant,True,A,B,Kamala Harris,Public Reaction,Kamala Harris,Public Reaction,Abortion,Abortion
left_mid,Left–Mid,Kamala Harris,Public Reaction,Abortion,National security and foreign policy,Abortion,National security and foreign policy,-0.3675823174846553,0.0035649735330536606,11,61,significant,True,B,A,Public Reaction,Kamala Harris,Public Reaction,Kamala Harris,National security and foreign policy,Abortion
left_mid,Left–Mid,Kamala Harris,Public Reaction,Abortion,Healthcare,Abortion,Healthcare,0.2588328905820253,0.05637533237868763,14,55,fallback_all_lags,False,B,A,Public Reaction,Kamala Harris,Public Reaction,Kamala Harris,Healthcare,Abortion
left_mid,Left–Mid,Kamala Harris,Public Reaction,Abortion,Guns control,Abortion,Guns control,-0.7202299943092095,1.356089214816252e-11,9,65,significant,True,B,A,Public Reaction,Kamala Harris,Public Reaction,Kamala Harris,Guns control,Abortion
left_mid,Left–Mid,Kamala Harris,Public Reaction,National security and foreign policy,Immigration,National security and foreign policy,Immigration,0.16020948935707532,0.2426370985007138,14,55,fallback_all_lags,False,B,A,Public Reaction,Kamala Harris,Public Reaction,Kamala Harris,Immigration,National security and foreign policy
left_mid,Left–Mid,Kamala Harris,Public Reaction,National security and foreign policy,Wokeness,National security and foreign policy,Wokeness,-0.19082874718326415,0.1628409487696218,14,55,fallback_all_lags,False,B,A,Public Reaction,Kamala Harris,Public Reaction,Kamala Harris,Wokeness,National security and foreign policy
left_mid,Left–Mid,Kamala Harris,Public Reaction,National security and foreign policy,Democratic concerns,National security and foreign policy,Democratic concerns,0.5312520377981743,1.577052493536586e-06,-12,72,significant,True,A,B,Kamala Harris,Public Reaction,Kamala Harris,Public Reaction,National security and foreign policy,Democratic concerns
left_mid,Left–Mid,Kamala Harris,Public Reaction,National security and foreign policy,Economy,National security and foreign policy,Economy,0.11311153172226655,0.3178004348337728,-4,80,fallback_all_lags,False,A,B,Kamala Harris,Public Reaction,Kamala Harris,Public Reaction,National security and foreign policy,Economy
left_mid,Left–Mid,Kamala Harris,Public Reaction,National security and foreign policy,Abortion,National security and foreign policy,Abortion,-0.10058226025791617,0.4484618352488381,12,59,fallback_all_lags,False,B,A,Public Reaction,Kamala Harris,Public Reaction,Kamala Harris,Abortion,National security and foreign policy
left_mid,Left–Mid,Kamala Harris,Public Reaction,National security and foreign policy,National security and foreign policy,National security and foreign policy,National security and foreign policy,0.15132701597825166,0.27008802475227234,14,55,fallback_all_lags,False,B,A,Public Reaction,Kamala Harris,Public Reaction,Kamala Harris,National security and foreign policy,National security and foreign policy
left_mid,Left–Mid,Kamala Harris,Public Reaction,National security and foreign policy,Healthcare,National security and foreign policy,Healthcare,0.4351835722328397,0.0005719452197558326,12,59,significant,True,B,A,Public Reaction,Kamala Harris,Public Reaction,Kamala Harris,Healthcare,National security and foreign policy
left_mid,Left–Mid,Kamala Harris,Public Reaction,National security and foreign policy,Guns control,National security and foreign policy,Guns control,-0.28248570940174517,0.022611648135152,9,65,significant,True,B,A,Public Reaction,Kamala Harris,Public Reaction,Kamala Harris,Guns control,National security and foreign policy
left_mid,Left–Mid,Kamala Harris,Public Reaction,Healthcare,Immigration,Healthcare,Immigration,0.22784283692530435,0.0560074256721277,6,71,fallback_all_lags,False,B,A,Public Reaction,Kamala Harris,Public Reaction,Kamala Harris,Immigration,Healthcare
left_mid,Left–Mid,Kamala Harris,Public Reaction,Healthcare,Wokeness,Healthcare,Wokeness,0.1613106452425089,0.1922009854068688,8,67,fallback_all_lags,False,B,A,Public Reaction,Kamala Harris,Public Reaction,Kamala Harris,Wokeness,Healthcare
left_mid,Left–Mid,Kamala Harris,Public Reaction,Healthcare,Democratic concerns,Healthcare,Democratic concerns,0.5096073980892987,1.379924814253637e-06,-4,80,significant,True,A,B,Kamala Harris,Public Reaction,Kamala Harris,Public Reaction,Healthcare,Democratic concerns
left_mid,Left–Mid,Kamala Harris,Public Reaction,Healthcare,Economy,Healthcare,Economy,-0.19739608938975733,0.08322060936356933,1,78,fallback_all_lags,False,B,A,Public Reaction,Kamala Harris,Public Reaction,Kamala Harris,Economy,Healthcare
left_mid,Left–Mid,Kamala Harris,Public Reaction,Healthcare,Abortion,Healthcare,Abortion,-0.21380675075367728,0.06016243796936726,1,78,fallback_all_lags,False,B,A,Public Reaction,Kamala Harris,Public Reaction,Kamala Harris,Abortion,Healthcare
left_mid,Left–Mid,Kamala Harris,Public Reaction,Healthcare,National security and foreign policy,Healthcare,National security and foreign policy,-0.11785098217705901,0.3656978542179681,11,61,fallback_all_lags,False,B,A,Public Reaction,Kamala Harris,Public Reaction,Kamala Harris,National security and foreign policy,Healthcare
left_mid,Left–Mid,Kamala Harris,Public Reaction,Healthcare,Healthcare,Healthcare,Healthcare,0.37880003284033553,0.004346622777408104,14,55,significant,True,B,A,Public Reaction,Kamala Harris,Public Reaction,Kamala Harris,Healthcare,Healthcare
left_mid,Left–Mid,Kamala Harris,Public Reaction,Healthcare,Guns control,Healthcare,Guns control,-0.5839859611606194,1.6103183884499677e-08,-5,79,significant,True,A,B,Kamala Harris,Public Reaction,Kamala Harris,Public Reaction,Healthcare,Guns control
left_mid,Left–Mid,Kamala Harris,Public Reaction,Guns control,Immigration,Guns control,Immigration,-0.167942663875229,0.22034327522769187,14,55,fallback_all_lags,False,B,A,Public Reaction,Kamala Harris,Public Reaction,Kamala Harris,Immigration,Guns control
left_mid,Left–Mid,Kamala Harris,Public Reaction,Guns control,Wokeness,Guns control,Wokeness,-0.636966510165291,1.7114877287422505e-07,14,55,significant,True,B,A,Public Reaction,Kamala Harris,Public Reaction,Kamala Harris,Wokeness,Guns control
left_mid,Left–Mid,Kamala Harris,Public Reaction,Guns control,Democratic concerns,Guns control,Democratic concerns,-0.2486947734256395,0.03143582393088981,4,75,significant,True,B,A,Public Reaction,Kamala Harris,Public Reaction,Kamala Harris,Democratic concerns,Guns control
left_mid,Left–Mid,Kamala Harris,Public Reaction,Guns control,Economy,Guns control,Economy,-0.3501961319903173,0.001671794142915374,1,78,significant,True,B,A,Public Reaction,Kamala Harris,Public Reaction,Kamala Harris,Economy,Guns control
left_mid,Left–Mid,Kamala Harris,Public Reaction,Guns control,Abortion,Guns control,Abortion,0.12398209692762187,0.2925958844139427,-10,74,fallback_all_lags,False,A,B,Kamala Harris,Public Reaction,Kamala Harris,Public Reaction,Guns control,Abortion
left_mid,Left–Mid,Kamala Harris,Public Reaction,Guns control,National security and foreign policy,Guns control,National security and foreign policy,-0.4066151657246227,0.0020660606737367055,14,55,significant,True,B,A,Public Reaction,Kamala Harris,Public Reaction,Kamala Harris,National security and foreign policy,Guns control
left_mid,Left–Mid,Kamala Harris,Public Reaction,Guns control,Healthcare,Guns control,Healthcare,-0.14386451469733919,0.26063715496344125,10,63,fallback_all_lags,False,B,A,Public Reaction,Kamala Harris,Public Reaction,Kamala Harris,Healthcare,Guns control
left_mid,Left–Mid,Kamala Harris,Public Reaction,Guns control,Guns control,Guns control,Guns control,-0.3236571928274125,0.00340513620861039,-4,80,significant,True,A,B,Kamala Harris,Public Reaction,Kamala Harris,Public Reaction,Guns control,Guns control
mid_right,Mid–Right,Public Reaction,Donald Trump,Immigration,Immigration,Immigration,Immigration,0.4643341597660207,7.792047884316269e-07,-5,103,significant,True,A,B,Public Reaction,Donald Trump,Public Reaction,Donald Trump,Immigration,Immigration
mid_right,Mid–Right,Public Reaction,Donald Trump,Immigration,Wokeness,Immigration,Wokeness,0.5214022131143051,1.632014748889214e-08,-5,103,significant,True,A,B,Public Reaction,Donald Trump,Public Reaction,Donald Trump,Immigration,Wokeness
mid_right,Mid–Right,Public Reaction,Donald Trump,Immigration,Democratic concerns,Immigration,Democratic concerns,0.38806796628990586,5.1148875480445394e-05,-5,103,significant,True,A,B,Public Reaction,Donald Trump,Public Reaction,Donald Trump,Immigration,Democratic concerns
mid_right,Mid–Right,Public Reaction,Donald Trump,Immigration,Economy,Immigration,Economy,0.4170639026695789,1.1732131183771108e-05,-5,103,significant,True,A,B,Public Reaction,Donald Trump,Public Reaction,Donald Trump,Immigration,Economy
mid_right,Mid–Right,Public Reaction,Donald Trump,Immigration,Abortion,Immigration,Abortion,0.5600637150666481,7.701045381288391e-10,-5,103,significant,True,A,B,Public Reaction,Donald Trump,Public Reaction,Donald Trump,Immigration,Abortion
mid_right,Mid–Right,Public Reaction,Donald Trump,Immigration,National security and foreign policy,Immigration,National security and foreign policy,0.3488211475852894,0.00023121947500343856,-3,107,significant,True,A,B,Public Reaction,Donald Trump,Public Reaction,Donald Trump,Immigration,National security and foreign policy
mid_right,Mid–Right,Public Reaction,Donald Trump,Immigration,Healthcare,Immigration,Healthcare,-0.3363260730181329,0.0016491099402623707,-14,85,significant,True,A,B,Public Reaction,Donald Trump,Public Reaction,Donald Trump,Immigration,Healthcare
mid_right,Mid–Right,Public Reaction,Donald Trump,Immigration,Guns control,Immigration,Guns control,0.57126382009598,2.949416234055372e-10,-5,103,significant,True,A,B,Public Reaction,Donald Trump,Public Reaction,Donald Trump,Immigration,Guns control
mid_right,Mid–Right,Public Reaction,Donald Trump,Wokeness,Immigration,Wokeness,Immigration,0.6558467238546033,2.313344192397448e-13,12,98,significant,True,B,A,Donald Trump,Public Reaction,Donald Trump,Public Reaction,Immigration,Wokeness
mid_right,Mid–Right,Public Reaction,Donald Trump,Wokeness,Wokeness,Wokeness,Wokeness,0.5946932257276242,8.566765324236059e-11,-7,99,significant,True,A,B,Public Reaction,Donald Trump,Public Reaction,Donald Trump,Wokeness,Wokeness
mid_right,Mid–Right,Public Reaction,Donald Trump,Wokeness,Democratic concerns,Wokeness,Democratic concerns,0.81012311340004,5.438530410236251e-24,12,98,significant,True,B,A,Donald Trump,Public Reaction,Donald Trump,Public Reaction,Democratic concerns,Wokeness
mid_right,Mid–Right,Public Reaction,Donald Trump,Wokeness,Economy,Wokeness,Economy,0.6650067763154642,8.149315241452649e-14,12,98,significant,True,B,A,Donald Trump,Public Reaction,Donald Trump,Public Reaction,Economy,Wokeness
mid_right,Mid–Right,Public Reaction,Donald Trump,Wokeness,Abortion,Wokeness,Abortion,0.6784797967519707,6.4082668762070985e-15,-6,101,significant,True,A,B,Public Reaction,Donald Trump,Public Reaction,Donald Trump,Wokeness,Abortion
mid_right,Mid–Right,Public Reaction,Donald Trump,Wokeness,National security and foreign policy,Wokeness,National security and foreign policy,0.770791958289397,1.6704501284173483e-20,12,98,significant,True,B,A,Donald Trump,Public Reaction,Donald Trump,Public Reaction,National security and foreign policy,Wokeness
mid_right,Mid–Right,Public Reaction,Donald Trump,Wokeness,Healthcare,Wokeness,Healthcare,0.48780095758599423,1.7299354003145798e-07,-5,103,significant,True,A,B,Public Reaction,Donald Trump,Public Reaction,Donald Trump,Wokeness,Healthcare
mid_right,Mid–Right,Public Reaction,Donald Trump,Wokeness,Guns control,Wokeness,Guns control,0.6088288589098194,1.4318671731178896e-11,-6,101,significant,True,A,B,Public Reaction,Donald Trump,Public Reaction,Donald Trump,Wokeness,Guns control
mid_right,Mid–Right,Public Reaction,Donald Trump,Democratic concerns,Immigration,Democratic concerns,Immigration,0.6627176628281851,2.3243401938121843e-15,4,111,significant,True,B,A,Donald Trump,Public Reaction,Donald Trump,Public Reaction,Immigration,Democratic concerns
mid_right,Mid–Right,Public Reaction,Donald Trump,Democratic concerns,Wokeness,Democratic concerns,Wokeness,0.7623859724598802,2.4820725770952743e-22,4,111,significant,True,B,A,Donald Trump,Public Reaction,Donald Trump,Public Reaction,Wokeness,Democratic concerns
mid_right,Mid–Right,Public Reaction,Donald Trump,Democratic concerns,Democratic concerns,Democratic concerns,Democratic concerns,0.9048565830003972,1.7565928794324862e-41,5,109,significant,True,B,A,Donald Trump,Public Reaction,Donald Trump,Public Reaction,Democratic concerns,Democratic concerns
mid_right,Mid–Right,Public Reaction,Donald Trump,Democratic concerns,Economy,Democratic concerns,Economy,0.7024924889403059,6.050530134367257e-18,2,112,significant,True,B,A,Donald Trump,Public Reaction,Donald Trump,Public Reaction,Economy,Democratic concerns
mid_right,Mid–Right,Public Reaction,Donald Trump,Democratic concerns,Abortion,Democratic concerns,Abortion,0.8484927259621889,8.725448344851976e-31,6,107,significant,True,B,A,Donald Trump,Public Reaction,Donald Trump,Public Reaction,Abortion,Democratic concerns
mid_right,Mid–Right,Public Reaction,Donald Trump,Democratic concerns,National security and foreign policy,Democratic concerns,National security and foreign policy,0.7928666065213095,1.26081897743086e-25,1,113,significant,True,B,A,Donald Trump,Public Reaction,Donald Trump,Public Reaction,National security and foreign policy,Democratic concerns
mid_right,Mid–Right,Public Reaction,Donald Trump,Democratic concerns,Healthcare,Democratic concerns,Healthcare,0.4672761346475141,2.0583605439100208e-07,2,112,significant,True,B,A,Donald Trump,Public Reaction,Donald Trump,Public Reaction,Healthcare,Democratic concerns
mid_right,Mid–Right,Public Reaction,Donald Trump,Democratic concerns,Guns control,Democratic concerns,Guns control,0.7520763715265412,1.213298385965963e-21,2,112,significant,True,B,A,Donald Trump,Public Reaction,Donald Trump,Public Reaction,Guns control,Democratic concerns
mid_right,Mid–Right,Public Reaction,Donald Trump,Economy,Immigration,Economy,Immigration,0.5125476721228951,2.8236943140439334e-07,-12,89,significant,True,A,B,Public Reaction,Donald Trump,Public Reaction,Donald Trump,Economy,Immigration
mid_right,Mid–Right,Public Reaction,Donald Trump,Economy,Wokeness,Economy,Wokeness,0.3303167840626182,0.0015702026543024377,-12,89,significant,True,A,B,Public Reaction,Donald Trump,Public Reaction,Donald Trump,Economy,Wokeness
mid_right,Mid–Right,Public Reaction,Donald Trump,Economy,Democratic concerns,Economy,Democratic concerns,0.46053068587947465,5.595900364002973e-06,-12,89,significant,True,A,B,Public Reaction,Donald Trump,Public Reaction,Donald Trump,Economy,Democratic concerns
mid_right,Mid–Right,Public Reaction,Donald Trump,Economy,Economy,Economy,Economy,0.7337896183141855,2.8503767167823045e-16,-12,89,significant,True,A,B,Public Reaction,Donald Trump,Public Reaction,Donald Trump,Economy,Economy
mid_right,Mid–Right,Public Reaction,Donald Trump,Economy,Abortion,Economy,Abortion,0.27782319065196737,0.008388040324890263,-12,89,significant,True,A,B,Public Reaction,Donald Trump,Public Reaction,Donald Trump,Economy,Abortion
mid_right,Mid–Right,Public Reaction,Donald Trump,Economy,National security and foreign policy,Economy,National security and foreign policy,0.5336029144647442,7.271004965218975e-08,-12,89,significant,True,A,B,Public Reaction,Donald Trump,Public Reaction,Donald Trump,Economy,National security and foreign policy
mid_right,Mid–Right,Public Reaction,Donald Trump,Economy,Healthcare,Economy,Healthcare,0.1363394442447276,0.20266366808192934,-12,89,fallback_all_lags,False,A,B,Public Reaction,Donald Trump,Public Reaction,Donald Trump,Economy,Healthcare
mid_right,Mid–Right,Public Reaction,Donald Trump,Economy,Guns control,Economy,Guns control,0.25411175942174424,0.016261964823269245,-12,89,significant,True,A,B,Public Reaction,Donald Trump,Public Reaction,Donald Trump,Economy,Guns control
mid_right,Mid–Right,Public Reaction,Donald Trump,Abortion,Immigration,Abortion,Immigration,0.4086224281854763,4.337613635030089e-05,14,94,significant,True,B,A,Donald Trump,Public Reaction,Donald Trump,Public Reaction,Immigration,Abortion
mid_right,Mid–Right,Public Reaction,Donald Trump,Abortion,Wokeness,Abortion,Wokeness,0.35913716244220534,0.0003264173416447954,13,96,significant,True,B,A,Donald Trump,Public Reaction,Donald Trump,Public Reaction,Wokeness,Abortion
mid_right,Mid–Right,Public Reaction,Donald Trump,Abortion,Democratic concerns,Abortion,Democratic concerns,0.34830505195384837,0.00027153179625437996,-4,105,significant,True,A,B,Public Reaction,Donald Trump,Public Reaction,Donald Trump,Abortion,Democratic concerns
mid_right,Mid–Right,Public Reaction,Donald Trump,Abortion,Economy,Abortion,Economy,0.4133258957472816,2.3371772801330392e-05,12,98,significant,True,B,A,Donald Trump,Public Reaction,Donald Trump,Public Reaction,Economy,Abortion
mid_right,Mid–Right,Public Reaction,Donald Trump,Abortion,Abortion,Abortion,Abortion,0.37625297533683416,7.631927347634373e-05,-4,105,significant,True,A,B,Public Reaction,Donald Trump,Public Reaction,Donald Trump,Abortion,Abortion
mid_right,Mid–Right,Public Reaction,Donald Trump,Abortion,National security and foreign policy,Abortion,National security and foreign policy,0.33810296043052296,0.0003683522659442432,-3,107,significant,True,A,B,Public Reaction,Donald Trump,Public Reaction,Donald Trump,Abortion,National security and foreign policy
mid_right,Mid–Right,Public Reaction,Donald Trump,Abortion,Healthcare,Abortion,Healthcare,-0.15237610192020948,0.16386726232369817,-14,85,fallback_all_lags,False,A,B,Public Reaction,Donald Trump,Public Reaction,Donald Trump,Abortion,Healthcare
mid_right,Mid–Right,Public Reaction,Donald Trump,Abortion,Guns control,Abortion,Guns control,0.3862840916145792,3.9649506836890145e-05,-3,107,significant,True,A,B,Public Reaction,Donald Trump,Public Reaction,Donald Trump,Abortion,Guns control
mid_right,Mid–Right,Public Reaction,Donald Trump,National security and foreign policy,Immigration,National security and foreign policy,Immigration,0.1502455235755345,0.16991085315629073,-14,85,fallback_all_lags,False,A,B,Public Reaction,Donald Trump,Public Reaction,Donald Trump,National security and foreign policy,Immigration
mid_right,Mid–Right,Public Reaction,Donald Trump,National security and foreign policy,Wokeness,National security and foreign policy,Wokeness,0.38404292667788775,0.00028511180190406686,-14,85,significant,True,A,B,Public Reaction,Donald Trump,Public Reaction,Donald Trump,National security and foreign policy,Wokeness
mid_right,Mid–Right,Public Reaction,Donald Trump,National security and foreign policy,Democratic concerns,National security and foreign policy,Democratic concerns,0.4413768980022547,2.3546607650527997e-05,-14,85,significant,True,A,B,Public Reaction,Donald Trump,Public Reaction,Donald Trump,National security and foreign policy,Democratic concerns
mid_right,Mid–Right,Public Reaction,Donald Trump,National security and foreign policy,Economy,National security and foreign policy,Economy,0.13425160601460018,0.15628625139757896,1,113,fallback_all_lags,False,B,A,Donald Trump,Public Reaction,Donald Trump,Public Reaction,Economy,National security and foreign policy
mid_right,Mid–Right,Public Reaction,Donald Trump,National security and foreign policy,Abortion,National security and foreign policy,Abortion,0.47186916356061137,5.143844704720626e-06,-14,85,significant,True,A,B,Public Reaction,Donald Trump,Public Reaction,Donald Trump,National security and foreign policy,Abortion
mid_right,Mid–Right,Public Reaction,Donald Trump,National security and foreign policy,National security and foreign policy,National security and foreign policy,National security and foreign policy,0.2710317383589681,0.012109349004825621,-14,85,significant,True,A,B,Public Reaction,Donald Trump,Public Reaction,Donald Trump,National security and foreign policy,National security and foreign policy
mid_right,Mid–Right,Public Reaction,Donald Trump,National security and foreign policy,Healthcare,National security and foreign policy,Healthcare,-0.11092262722843324,0.28717742610175756,14,94,fallback_all_lags,False,B,A,Donald Trump,Public Reaction,Donald Trump,Public Reaction,Healthcare,National security and foreign policy
mid_right,Mid–Right,Public Reaction,Donald Trump,National security and foreign policy,Guns control,National security and foreign policy,Guns control,0.3857967257343073,0.00026589633673378187,-14,85,significant,True,A,B,Public Reaction,Donald Trump,Public Reaction,Donald Trump,National security and foreign policy,Guns control
mid_right,Mid–Right,Public Reaction,Donald Trump,Healthcare,Immigration,Healthcare,Immigration,0.35753378702097555,0.00040357937562834553,14,94,significant,True,B,A,Donald Trump,Public Reaction,Donald Trump,Public Reaction,Immigration,Healthcare
mid_right,Mid–Right,Public Reaction,Donald Trump,Healthcare,Wokeness,Healthcare,Wokeness,0.46533417742456124,5.590920747266294e-06,-13,87,significant,True,A,B,Public Reaction,Donald Trump,Public Reaction,Donald Trump,Healthcare,Wokeness
mid_right,Mid–Right,Public Reaction,Donald Trump,Healthcare,Democratic concerns,Healthcare,Democratic concerns,0.3945307855698353,8.326676317608652e-05,14,94,significant,True,B,A,Donald Trump,Public Reaction,Donald Trump,Public Reaction,Democratic concerns,Healthcare
mid_right,Mid–Right,Public Reaction,Donald Trump,Healthcare,Economy,Healthcare,Economy,0.4023336266494287,4.0126758019127734e-05,12,98,significant,True,B,A,Donald Trump,Public Reaction,Donald Trump,Public Reaction,Economy,Healthcare
mid_right,Mid–Right,Public Reaction,Donald Trump,Healthcare,Abortion,Healthcare,Abortion,0.585078411165345,5.914963176989683e-10,14,94,significant,True,B,A,Donald Trump,Public Reaction,Donald Trump,Public Reaction,Abortion,Healthcare
mid_right,Mid–Right,Public Reaction,Donald Trump,Healthcare,National security and foreign policy,Healthcare,National security and foreign policy,0.46463915814179313,4.4977545482103134e-06,-12,89,significant,True,A,B,Public Reaction,Donald Trump,Public Reaction,Donald Trump,Healthcare,National security and foreign policy
mid_right,Mid–Right,Public Reaction,Donald Trump,Healthcare,Healthcare,Healthcare,Healthcare,0.1226147784136858,0.19573149769958154,1,113,fallback_all_lags,False,B,A,Donald Trump,Public Reaction,Donald Trump,Public Reaction,Healthcare,Healthcare
mid_right,Mid–Right,Public Reaction,Donald Trump,Healthcare,Guns control,Healthcare,Guns control,0.4514024383722734,4.9626451568960165e-06,14,94,significant,True,B,A,Donald Trump,Public Reaction,Donald Trump,Public Reaction,Guns control,Healthcare
mid_right,Mid–Right,Public Reaction,Donald Trump,Guns control,Immigration,Guns control,Immigration,-0.2381539579168241,0.011081370012604229,1,113,significant,True,B,A,Donald Trump,Public Reaction,Donald Trump,Public Reaction,Immigration,Guns control
mid_right,Mid–Right,Public Reaction,Donald Trump,Guns control,Wokeness,Guns control,Wokeness,-0.22813278550191607,0.01811000011910287,6,107,significant,True,B,A,Donald Trump,Public Reaction,Donald Trump,Public Reaction,Wokeness,Guns control
mid_right,Mid–Right,Public Reaction,Donald Trump,Guns control,Democratic concerns,Guns control,Democratic concerns,0.37333472490979835,0.0004329159091197878,-14,85,significant,True,A,B,Public Reaction,Donald Trump,Public Reaction,Donald Trump,Guns control,Democratic concerns
mid_right,Mid–Right,Public Reaction,Donald Trump,Guns control,Economy,Guns control,Economy,-0.2436227462213275,0.011449380959277293,6,107,significant,True,B,A,Donald Trump,Public Reaction,Donald Trump,Public Reaction,Economy,Guns control
mid_right,Mid–Right,Public Reaction,Donald Trump,Guns control,Abortion,Guns control,Abortion,-0.14743584558682207,0.1191460513698571,1,113,fallback_all_lags,False,B,A,Donald Trump,Public Reaction,Donald Trump,Public Reaction,Abortion,Guns control
mid_right,Mid–Right,Public Reaction,Donald Trump,Guns control,National security and foreign policy,Guns control,National security and foreign policy,-0.11422280553688989,0.26026808825378195,-7,99,fallback_all_lags,False,A,B,Public Reaction,Donald Trump,Public Reaction,Donald Trump,Guns control,National security and foreign policy
mid_right,Mid–Right,Public Reaction,Donald Trump,Guns control,Healthcare,Guns control,Healthcare,0.240625206903756,0.023119915900134937,-12,89,significant,True,A,B,Public Reaction,Donald Trump,Public Reaction,Donald Trump,Guns control,Healthcare
mid_right,Mid–Right,Public Reaction,Donald Trump,Guns control,Guns control,Guns control,Guns control,-0.28926877331619805,0.0036844073006216545,-7,99,significant,True,A,B,Public Reaction,Donald Trump,Public Reaction,Donald Trump,Guns control,Guns control
